timestamp,sensor,target,power,socket,formula,predict,ratio,scope
1676288626787,sensor,rapl,1.11492919921875,0,RAPL_ENERGY_PKG,0.0,1.0,cpu
1676288626787,sensor,rapl,1.08099365234375,1,RAPL_ENERGY_PKG,0.0,1.0,cpu
1676288627297,sensor,rapl,12.517822265625,0,RAPL_ENERGY_PKG,0.0,1.0,cpu
1676288627297,sensor,rapl,15.6875,1,RAPL_ENERGY_PKG,0.0,1.0,cpu
1676288627805,sensor,rapl,13.05767822265625,0,RAPL_ENERGY_PKG,0.0,1.0,cpu
1676288627805,sensor,rapl,16.85272216796875,1,RAPL_ENERGY_PKG,0.0,1.0,cpu
1676288628315,sensor,rapl,13.6826171875,0,RAPL_ENERGY_PKG,0.0,1.0,cpu
1676288628315,sensor,rapl,16.9136962890625,1,RAPL_ENERGY_PKG,0.0,1.0,cpu
1676288628823,sensor,rapl,8.94866943359375,0,RAPL_ENERGY_PKG,0.0,1.0,cpu
1676288628823,sensor,rapl,6.26019287109375,1,RAPL_ENERGY_PKG,0.0,1.0,cpu
1676288629331,sensor,rapl,8.95166015625,0,RAPL_ENERGY_PKG,0.0,1.0,cpu
1676288629331,sensor,rapl,6.22369384765625,1,RAPL_ENERGY_PKG,0.0,1.0,cpu
1676288629841,sensor,rapl,8.62286376953125,0,RAPL_ENERGY_PKG,0.0,1.0,cpu
1676288629841,sensor,rapl,5.64093017578125,1,RAPL_ENERGY_PKG,0.0,1.0,cpu
1676288630349,sensor,rapl,8.62835693359375,0,RAPL_ENERGY_PKG,0.0,1.0,cpu
1676288630349,sensor,rapl,5.52862548828125,1,RAPL_ENERGY_PKG,0.0,1.0,cpu
1676288630858,sensor,rapl,8.67608642578125,0,RAPL_ENERGY_PKG,0.0,1.0,cpu
1676288630858,sensor,rapl,5.595458984375,1,RAPL_ENERGY_PKG,0.0,1.0,cpu
1676288631367,sensor,rapl,9.220458984375,0,RAPL_ENERGY_PKG,0.0,1.0,cpu
1676288631367,sensor,rapl,6.7978515625,1,RAPL_ENERGY_PKG,0.0,1.0,cpu
1676288631876,sensor,rapl,9.02960205078125,0,RAPL_ENERGY_PKG,0.0,1.0,cpu
1676288631876,sensor,rapl,6.45721435546875,1,RAPL_ENERGY_PKG,0.0,1.0,cpu
1676288632385,sensor,rapl,9.20184326171875,0,RAPL_ENERGY_PKG,0.0,1.0,cpu
1676288632385,sensor,rapl,7.05712890625,1,RAPL_ENERGY_PKG,0.0,1.0,cpu
1676288632894,sensor,rapl,8.60491943359375,0,RAPL_ENERGY_PKG,0.0,1.0,cpu
1676288632894,sensor,rapl,5.60308837890625,1,RAPL_ENERGY_PKG,0.0,1.0,cpu
1676288633403,sensor,rapl,8.93505859375,0,RAPL_ENERGY_PKG,0.0,1.0,cpu
1676288633403,sensor,rapl,6.27301025390625,1,RAPL_ENERGY_PKG,0.0,1.0,cpu
1676288633909,sensor,rapl,14.24749755859375,0,RAPL_ENERGY_PKG,0.0,1.0,cpu
1676288633909,sensor,rapl,14.9022216796875,1,RAPL_ENERGY_PKG,0.0,1.0,cpu
1676288634417,sensor,rapl,16.9144287109375,0,RAPL_ENERGY_PKG,0.0,1.0,cpu
1676288634417,sensor,rapl,18.71734619140625,1,RAPL_ENERGY_PKG,0.0,1.0,cpu
1676288634926,sensor,rapl,16.62744140625,0,RAPL_ENERGY_PKG,0.0,1.0,cpu
1676288634926,sensor,rapl,19.7081298828125,1,RAPL_ENERGY_PKG,0.0,1.0,cpu
1676288635433,sensor,rapl,17.55572509765625,0,RAPL_ENERGY_PKG,0.0,1.0,cpu
1676288635433,sensor,rapl,18.6507568359375,1,RAPL_ENERGY_PKG,0.0,1.0,cpu
1676288635938,sensor,rapl,18.9281005859375,0,RAPL_ENERGY_PKG,0.0,1.0,cpu
1676288635938,sensor,rapl,18.6678466796875,1,RAPL_ENERGY_PKG,0.0,1.0,cpu
1676288636447,sensor,rapl,19.02471923828125,0,RAPL_ENERGY_PKG,0.0,1.0,cpu
1676288636447,sensor,rapl,19.5830078125,1,RAPL_ENERGY_PKG,0.0,1.0,cpu
1676288636956,sensor,rapl,18.09539794921875,0,RAPL_ENERGY_PKG,0.0,1.0,cpu
1676288636956,sensor,rapl,18.65679931640625,1,RAPL_ENERGY_PKG,0.0,1.0,cpu
1676288637460,sensor,rapl,18.94647216796875,0,RAPL_ENERGY_PKG,0.0,1.0,cpu
1676288637460,sensor,rapl,19.39324951171875,1,RAPL_ENERGY_PKG,0.0,1.0,cpu
1676288637967,sensor,rapl,19.55609130859375,0,RAPL_ENERGY_PKG,0.0,1.0,cpu
1676288637967,sensor,rapl,18.9766845703125,1,RAPL_ENERGY_PKG,0.0,1.0,cpu
1676288638476,sensor,rapl,18.92095947265625,0,RAPL_ENERGY_PKG,0.0,1.0,cpu
1676288638476,sensor,rapl,18.59130859375,1,RAPL_ENERGY_PKG,0.0,1.0,cpu
1676288638980,sensor,rapl,18.11846923828125,0,RAPL_ENERGY_PKG,0.0,1.0,cpu
1676288638980,sensor,rapl,18.32537841796875,1,RAPL_ENERGY_PKG,0.0,1.0,cpu
1676288639484,sensor,rapl,18.837158203125,0,RAPL_ENERGY_PKG,0.0,1.0,cpu
1676288639484,sensor,rapl,18.0601806640625,1,RAPL_ENERGY_PKG,0.0,1.0,cpu
1676288639993,sensor,rapl,16.96026611328125,0,RAPL_ENERGY_PKG,0.0,1.0,cpu
1676288639993,sensor,rapl,19.55865478515625,1,RAPL_ENERGY_PKG,0.0,1.0,cpu
1676288640498,sensor,rapl,18.04302978515625,0,RAPL_ENERGY_PKG,0.0,1.0,cpu
1676288640498,sensor,rapl,18.758056640625,1,RAPL_ENERGY_PKG,0.0,1.0,cpu
1676288641005,sensor,rapl,19.46563720703125,0,RAPL_ENERGY_PKG,0.0,1.0,cpu
1676288641005,sensor,rapl,18.55615234375,1,RAPL_ENERGY_PKG,0.0,1.0,cpu
1676288641514,sensor,rapl,18.8050537109375,0,RAPL_ENERGY_PKG,0.0,1.0,cpu
1676288641514,sensor,rapl,19.67144775390625,1,RAPL_ENERGY_PKG,0.0,1.0,cpu
1676288642020,sensor,rapl,19.36993408203125,0,RAPL_ENERGY_PKG,0.0,1.0,cpu
1676288642020,sensor,rapl,19.1265869140625,1,RAPL_ENERGY_PKG,0.0,1.0,cpu
1676288642525,sensor,rapl,19.3621826171875,0,RAPL_ENERGY_PKG,0.0,1.0,cpu
1676288642525,sensor,rapl,17.73797607421875,1,RAPL_ENERGY_PKG,0.0,1.0,cpu
1676288643033,sensor,rapl,19.2896728515625,0,RAPL_ENERGY_PKG,0.0,1.0,cpu
1676288643033,sensor,rapl,18.97412109375,1,RAPL_ENERGY_PKG,0.0,1.0,cpu
1676288643538,sensor,rapl,18.9454345703125,0,RAPL_ENERGY_PKG,0.0,1.0,cpu
1676288643538,sensor,rapl,19.06683349609375,1,RAPL_ENERGY_PKG,0.0,1.0,cpu
1676288644043,sensor,rapl,18.78900146484375,0,RAPL_ENERGY_PKG,0.0,1.0,cpu
1676288644043,sensor,rapl,18.919189453125,1,RAPL_ENERGY_PKG,0.0,1.0,cpu
1676288644549,sensor,rapl,18.29534912109375,0,RAPL_ENERGY_PKG,0.0,1.0,cpu
1676288644549,sensor,rapl,18.531005859375,1,RAPL_ENERGY_PKG,0.0,1.0,cpu
1676288645054,sensor,rapl,18.42962646484375,0,RAPL_ENERGY_PKG,0.0,1.0,cpu
1676288645054,sensor,rapl,18.80267333984375,1,RAPL_ENERGY_PKG,0.0,1.0,cpu
1676288645558,sensor,rapl,18.85137939453125,0,RAPL_ENERGY_PKG,0.0,1.0,cpu
1676288645558,sensor,rapl,18.89886474609375,1,RAPL_ENERGY_PKG,0.0,1.0,cpu
1676288646065,sensor,rapl,18.37896728515625,0,RAPL_ENERGY_PKG,0.0,1.0,cpu
1676288646065,sensor,rapl,19.0003662109375,1,RAPL_ENERGY_PKG,0.0,1.0,cpu
1676288646570,sensor,rapl,17.8458251953125,0,RAPL_ENERGY_PKG,0.0,1.0,cpu
1676288646570,sensor,rapl,19.68310546875,1,RAPL_ENERGY_PKG,0.0,1.0,cpu
1676288647074,sensor,rapl,17.34039306640625,0,RAPL_ENERGY_PKG,0.0,1.0,cpu
1676288647074,sensor,rapl,17.75189208984375,1,RAPL_ENERGY_PKG,0.0,1.0,cpu
1676288647580,sensor,rapl,18.79803466796875,0,RAPL_ENERGY_PKG,0.0,1.0,cpu
1676288647580,sensor,rapl,18.6826171875,1,RAPL_ENERGY_PKG,0.0,1.0,cpu
1676288648086,sensor,rapl,18.77471923828125,0,RAPL_ENERGY_PKG,0.0,1.0,cpu
1676288648086,sensor,rapl,18.75836181640625,1,RAPL_ENERGY_PKG,0.0,1.0,cpu
1676288648591,sensor,rapl,18.880615234375,0,RAPL_ENERGY_PKG,0.0,1.0,cpu
1676288648591,sensor,rapl,19.0064697265625,1,RAPL_ENERGY_PKG,0.0,1.0,cpu
1676288649097,sensor,rapl,20.67108154296875,0,RAPL_ENERGY_PKG,0.0,1.0,cpu
1676288649097,sensor,rapl,18.52386474609375,1,RAPL_ENERGY_PKG,0.0,1.0,cpu
1676288649603,sensor,rapl,19.17279052734375,0,RAPL_ENERGY_PKG,0.0,1.0,cpu
1676288649603,sensor,rapl,18.7015380859375,1,RAPL_ENERGY_PKG,0.0,1.0,cpu
1676288650112,sensor,rapl,19.77459716796875,0,RAPL_ENERGY_PKG,0.0,1.0,cpu
1676288650112,sensor,rapl,19.37127685546875,1,RAPL_ENERGY_PKG,0.0,1.0,cpu
1676288650618,sensor,rapl,19.09344482421875,0,RAPL_ENERGY_PKG,0.0,1.0,cpu
1676288650618,sensor,rapl,16.88836669921875,1,RAPL_ENERGY_PKG,0.0,1.0,cpu
1676288651123,sensor,rapl,19.385498046875,0,RAPL_ENERGY_PKG,0.0,1.0,cpu
1676288651123,sensor,rapl,17.93536376953125,1,RAPL_ENERGY_PKG,0.0,1.0,cpu
1676288651632,sensor,rapl,17.79937744140625,0,RAPL_ENERGY_PKG,0.0,1.0,cpu
1676288651632,sensor,rapl,18.92584228515625,1,RAPL_ENERGY_PKG,0.0,1.0,cpu
1676288652137,sensor,rapl,17.23406982421875,0,RAPL_ENERGY_PKG,0.0,1.0,cpu
1676288652137,sensor,rapl,20.27520751953125,1,RAPL_ENERGY_PKG,0.0,1.0,cpu
1676288652642,sensor,rapl,17.4451904296875,0,RAPL_ENERGY_PKG,0.0,1.0,cpu
1676288652642,sensor,rapl,18.9613037109375,1,RAPL_ENERGY_PKG,0.0,1.0,cpu
1676288653148,sensor,rapl,17.43768310546875,0,RAPL_ENERGY_PKG,0.0,1.0,cpu
1676288653148,sensor,rapl,18.28729248046875,1,RAPL_ENERGY_PKG,0.0,1.0,cpu
1676288653654,sensor,rapl,17.251953125,0,RAPL_ENERGY_PKG,0.0,1.0,cpu
1676288653654,sensor,rapl,18.80792236328125,1,RAPL_ENERGY_PKG,0.0,1.0,cpu
1676288654159,sensor,rapl,17.103271484375,0,RAPL_ENERGY_PKG,0.0,1.0,cpu
1676288654159,sensor,rapl,18.104248046875,1,RAPL_ENERGY_PKG,0.0,1.0,cpu
1676288654663,sensor,rapl,17.40338134765625,0,RAPL_ENERGY_PKG,0.0,1.0,cpu
1676288654663,sensor,rapl,17.8160400390625,1,RAPL_ENERGY_PKG,0.0,1.0,cpu
1676288655168,sensor,rapl,18.98779296875,0,RAPL_ENERGY_PKG,0.0,1.0,cpu
1676288655168,sensor,rapl,19.00201416015625,1,RAPL_ENERGY_PKG,0.0,1.0,cpu
1676288655673,sensor,rapl,18.31280517578125,0,RAPL_ENERGY_PKG,0.0,1.0,cpu
1676288655673,sensor,rapl,19.4459228515625,1,RAPL_ENERGY_PKG,0.0,1.0,cpu
1676288656178,sensor,rapl,17.8236083984375,0,RAPL_ENERGY_PKG,0.0,1.0,cpu
1676288656178,sensor,rapl,18.83367919921875,1,RAPL_ENERGY_PKG,0.0,1.0,cpu
1676288656683,sensor,rapl,18.48895263671875,0,RAPL_ENERGY_PKG,0.0,1.0,cpu
1676288656683,sensor,rapl,17.5806884765625,1,RAPL_ENERGY_PKG,0.0,1.0,cpu
1676288657188,sensor,rapl,19.639892578125,0,RAPL_ENERGY_PKG,0.0,1.0,cpu
1676288657188,sensor,rapl,17.45843505859375,1,RAPL_ENERGY_PKG,0.0,1.0,cpu
1676288657693,sensor,rapl,18.67535400390625,0,RAPL_ENERGY_PKG,0.0,1.0,cpu
1676288657693,sensor,rapl,18.8427734375,1,RAPL_ENERGY_PKG,0.0,1.0,cpu
1676288658199,sensor,rapl,18.13470458984375,0,RAPL_ENERGY_PKG,0.0,1.0,cpu
1676288658199,sensor,rapl,18.79248046875,1,RAPL_ENERGY_PKG,0.0,1.0,cpu
1676288658704,sensor,rapl,17.98846435546875,0,RAPL_ENERGY_PKG,0.0,1.0,cpu
1676288658704,sensor,rapl,19.3382568359375,1,RAPL_ENERGY_PKG,0.0,1.0,cpu
1676288659208,sensor,rapl,17.77099609375,0,RAPL_ENERGY_PKG,0.0,1.0,cpu
1676288659208,sensor,rapl,18.4913330078125,1,RAPL_ENERGY_PKG,0.0,1.0,cpu
1676288659715,sensor,rapl,18.26416015625,0,RAPL_ENERGY_PKG,0.0,1.0,cpu
1676288659715,sensor,rapl,18.694580078125,1,RAPL_ENERGY_PKG,0.0,1.0,cpu
1676288660223,sensor,rapl,18.63531494140625,0,RAPL_ENERGY_PKG,0.0,1.0,cpu
1676288660223,sensor,rapl,19.1695556640625,1,RAPL_ENERGY_PKG,0.0,1.0,cpu
1676288660729,sensor,rapl,18.29339599609375,0,RAPL_ENERGY_PKG,0.0,1.0,cpu
1676288660729,sensor,rapl,18.31097412109375,1,RAPL_ENERGY_PKG,0.0,1.0,cpu
1676288661234,sensor,rapl,20.04339599609375,0,RAPL_ENERGY_PKG,0.0,1.0,cpu
1676288661234,sensor,rapl,16.8204345703125,1,RAPL_ENERGY_PKG,0.0,1.0,cpu
1676288661738,sensor,rapl,19.04296875,0,RAPL_ENERGY_PKG,0.0,1.0,cpu
1676288661738,sensor,rapl,19.60205078125,1,RAPL_ENERGY_PKG,0.0,1.0,cpu
1676288662243,sensor,rapl,20.26220703125,0,RAPL_ENERGY_PKG,0.0,1.0,cpu
1676288662243,sensor,rapl,18.912109375,1,RAPL_ENERGY_PKG,0.0,1.0,cpu
1676288662753,sensor,rapl,19.09747314453125,0,RAPL_ENERGY_PKG,0.0,1.0,cpu
1676288662753,sensor,rapl,19.02813720703125,1,RAPL_ENERGY_PKG,0.0,1.0,cpu
1676288663260,sensor,rapl,18.6788330078125,0,RAPL_ENERGY_PKG,0.0,1.0,cpu
1676288663260,sensor,rapl,18.79986572265625,1,RAPL_ENERGY_PKG,0.0,1.0,cpu
1676288663766,sensor,rapl,19.34429931640625,0,RAPL_ENERGY_PKG,0.0,1.0,cpu
1676288663766,sensor,rapl,18.1748046875,1,RAPL_ENERGY_PKG,0.0,1.0,cpu
1676288664275,sensor,rapl,18.3428955078125,0,RAPL_ENERGY_PKG,0.0,1.0,cpu
1676288664275,sensor,rapl,18.72021484375,1,RAPL_ENERGY_PKG,0.0,1.0,cpu
1676288664780,sensor,rapl,19.1533203125,0,RAPL_ENERGY_PKG,0.0,1.0,cpu
1676288664780,sensor,rapl,18.287841796875,1,RAPL_ENERGY_PKG,0.0,1.0,cpu
1676288665287,sensor,rapl,19.11529541015625,0,RAPL_ENERGY_PKG,0.0,1.0,cpu
1676288665287,sensor,rapl,18.44610595703125,1,RAPL_ENERGY_PKG,0.0,1.0,cpu
1676288665792,sensor,rapl,19.87103271484375,0,RAPL_ENERGY_PKG,0.0,1.0,cpu
1676288665792,sensor,rapl,17.65106201171875,1,RAPL_ENERGY_PKG,0.0,1.0,cpu
1676288666301,sensor,rapl,17.778564453125,0,RAPL_ENERGY_PKG,0.0,1.0,cpu
1676288666301,sensor,rapl,20.0379638671875,1,RAPL_ENERGY_PKG,0.0,1.0,cpu
1676288666809,sensor,rapl,17.5140380859375,0,RAPL_ENERGY_PKG,0.0,1.0,cpu
1676288666809,sensor,rapl,19.70013427734375,1,RAPL_ENERGY_PKG,0.0,1.0,cpu
1676288667316,sensor,rapl,18.14788818359375,0,RAPL_ENERGY_PKG,0.0,1.0,cpu
1676288667316,sensor,rapl,19.54541015625,1,RAPL_ENERGY_PKG,0.0,1.0,cpu
1676288667821,sensor,rapl,18.88934326171875,0,RAPL_ENERGY_PKG,0.0,1.0,cpu
1676288667821,sensor,rapl,19.11572265625,1,RAPL_ENERGY_PKG,0.0,1.0,cpu
1676288668327,sensor,rapl,18.555419921875,0,RAPL_ENERGY_PKG,0.0,1.0,cpu
1676288668327,sensor,rapl,18.3681640625,1,RAPL_ENERGY_PKG,0.0,1.0,cpu
1676288668833,sensor,rapl,17.12237548828125,0,RAPL_ENERGY_PKG,0.0,1.0,cpu
1676288668833,sensor,rapl,18.31329345703125,1,RAPL_ENERGY_PKG,0.0,1.0,cpu
1676288669338,sensor,rapl,17.92742919921875,0,RAPL_ENERGY_PKG,0.0,1.0,cpu
1676288669338,sensor,rapl,19.40924072265625,1,RAPL_ENERGY_PKG,0.0,1.0,cpu
1676288669845,sensor,rapl,19.301513671875,0,RAPL_ENERGY_PKG,0.0,1.0,cpu
1676288669845,sensor,rapl,18.15411376953125,1,RAPL_ENERGY_PKG,0.0,1.0,cpu
1676288670350,sensor,rapl,19.33172607421875,0,RAPL_ENERGY_PKG,0.0,1.0,cpu
1676288670350,sensor,rapl,18.2088623046875,1,RAPL_ENERGY_PKG,0.0,1.0,cpu
1676288670854,sensor,rapl,18.9014892578125,0,RAPL_ENERGY_PKG,0.0,1.0,cpu
1676288670854,sensor,rapl,18.8604736328125,1,RAPL_ENERGY_PKG,0.0,1.0,cpu
1676288671360,sensor,rapl,18.49810791015625,0,RAPL_ENERGY_PKG,0.0,1.0,cpu
1676288671360,sensor,rapl,18.58251953125,1,RAPL_ENERGY_PKG,0.0,1.0,cpu
1676288671864,sensor,rapl,19.1929931640625,0,RAPL_ENERGY_PKG,0.0,1.0,cpu
1676288671864,sensor,rapl,18.44427490234375,1,RAPL_ENERGY_PKG,0.0,1.0,cpu
1676288672368,sensor,rapl,19.18780517578125,0,RAPL_ENERGY_PKG,0.0,1.0,cpu
1676288672368,sensor,rapl,16.8896484375,1,RAPL_ENERGY_PKG,0.0,1.0,cpu
1676288672877,sensor,rapl,19.78021240234375,0,RAPL_ENERGY_PKG,0.0,1.0,cpu
1676288672877,sensor,rapl,18.37548828125,1,RAPL_ENERGY_PKG,0.0,1.0,cpu
1676288673381,sensor,rapl,19.4517822265625,0,RAPL_ENERGY_PKG,0.0,1.0,cpu
1676288673381,sensor,rapl,18.5955810546875,1,RAPL_ENERGY_PKG,0.0,1.0,cpu
1676288673887,sensor,rapl,18.11907958984375,0,RAPL_ENERGY_PKG,0.0,1.0,cpu
1676288673887,sensor,rapl,20.64453125,1,RAPL_ENERGY_PKG,0.0,1.0,cpu
1676288674391,sensor,rapl,18.06610107421875,0,RAPL_ENERGY_PKG,0.0,1.0,cpu
1676288674391,sensor,rapl,20.23297119140625,1,RAPL_ENERGY_PKG,0.0,1.0,cpu
1676288674896,sensor,rapl,18.0179443359375,0,RAPL_ENERGY_PKG,0.0,1.0,cpu
1676288674896,sensor,rapl,18.7637939453125,1,RAPL_ENERGY_PKG,0.0,1.0,cpu
1676288675401,sensor,rapl,19.049072265625,0,RAPL_ENERGY_PKG,0.0,1.0,cpu
1676288675401,sensor,rapl,18.47412109375,1,RAPL_ENERGY_PKG,0.0,1.0,cpu
1676288675905,sensor,rapl,18.99566650390625,0,RAPL_ENERGY_PKG,0.0,1.0,cpu
1676288675905,sensor,rapl,18.24267578125,1,RAPL_ENERGY_PKG,0.0,1.0,cpu
1676288676410,sensor,rapl,19.5050048828125,0,RAPL_ENERGY_PKG,0.0,1.0,cpu
1676288676410,sensor,rapl,17.687255859375,1,RAPL_ENERGY_PKG,0.0,1.0,cpu
1676288676916,sensor,rapl,17.984375,0,RAPL_ENERGY_PKG,0.0,1.0,cpu
1676288676916,sensor,rapl,19.0819091796875,1,RAPL_ENERGY_PKG,0.0,1.0,cpu
1676288677419,sensor,rapl,18.28448486328125,0,RAPL_ENERGY_PKG,0.0,1.0,cpu
1676288677419,sensor,rapl,18.6494140625,1,RAPL_ENERGY_PKG,0.0,1.0,cpu
1676288677926,sensor,rapl,18.85479736328125,0,RAPL_ENERGY_PKG,0.0,1.0,cpu
1676288677926,sensor,rapl,19.47332763671875,1,RAPL_ENERGY_PKG,0.0,1.0,cpu
1676288678435,sensor,rapl,18.46905517578125,0,RAPL_ENERGY_PKG,0.0,1.0,cpu
1676288678435,sensor,rapl,19.88262939453125,1,RAPL_ENERGY_PKG,0.0,1.0,cpu
1676288678940,sensor,rapl,18.94049072265625,0,RAPL_ENERGY_PKG,0.0,1.0,cpu
1676288678940,sensor,rapl,18.20452880859375,1,RAPL_ENERGY_PKG,0.0,1.0,cpu
1676288679446,sensor,rapl,19.206298828125,0,RAPL_ENERGY_PKG,0.0,1.0,cpu
1676288679446,sensor,rapl,17.97186279296875,1,RAPL_ENERGY_PKG,0.0,1.0,cpu
1676288679953,sensor,rapl,18.70428466796875,0,RAPL_ENERGY_PKG,0.0,1.0,cpu
1676288679953,sensor,rapl,17.589111328125,1,RAPL_ENERGY_PKG,0.0,1.0,cpu
1676288680457,sensor,rapl,17.53424072265625,0,RAPL_ENERGY_PKG,0.0,1.0,cpu
1676288680457,sensor,rapl,18.48016357421875,1,RAPL_ENERGY_PKG,0.0,1.0,cpu
1676288680961,sensor,rapl,19.77777099609375,0,RAPL_ENERGY_PKG,0.0,1.0,cpu
1676288680961,sensor,rapl,17.6905517578125,1,RAPL_ENERGY_PKG,0.0,1.0,cpu
1676288681466,sensor,rapl,19.64605712890625,0,RAPL_ENERGY_PKG,0.0,1.0,cpu
1676288681466,sensor,rapl,17.4595947265625,1,RAPL_ENERGY_PKG,0.0,1.0,cpu
1676288681974,sensor,rapl,19.08807373046875,0,RAPL_ENERGY_PKG,0.0,1.0,cpu
1676288681974,sensor,rapl,17.958740234375,1,RAPL_ENERGY_PKG,0.0,1.0,cpu
1676288682483,sensor,rapl,19.00927734375,0,RAPL_ENERGY_PKG,0.0,1.0,cpu
1676288682483,sensor,rapl,19.1064453125,1,RAPL_ENERGY_PKG,0.0,1.0,cpu
1676288682987,sensor,rapl,18.91949462890625,0,RAPL_ENERGY_PKG,0.0,1.0,cpu
1676288682987,sensor,rapl,18.73968505859375,1,RAPL_ENERGY_PKG,0.0,1.0,cpu
1676288683493,sensor,rapl,18.97027587890625,0,RAPL_ENERGY_PKG,0.0,1.0,cpu
1676288683493,sensor,rapl,18.58087158203125,1,RAPL_ENERGY_PKG,0.0,1.0,cpu
1676288684008,sensor,rapl,19.79010009765625,0,RAPL_ENERGY_PKG,0.0,1.0,cpu
1676288684008,sensor,rapl,18.72900390625,1,RAPL_ENERGY_PKG,0.0,1.0,cpu
1676288684512,sensor,rapl,18.5010986328125,0,RAPL_ENERGY_PKG,0.0,1.0,cpu
1676288684512,sensor,rapl,18.90057373046875,1,RAPL_ENERGY_PKG,0.0,1.0,cpu
1676288685017,sensor,rapl,18.92938232421875,0,RAPL_ENERGY_PKG,0.0,1.0,cpu
1676288685017,sensor,rapl,18.20550537109375,1,RAPL_ENERGY_PKG,0.0,1.0,cpu
1676288685520,sensor,rapl,18.544189453125,0,RAPL_ENERGY_PKG,0.0,1.0,cpu
1676288685520,sensor,rapl,18.73516845703125,1,RAPL_ENERGY_PKG,0.0,1.0,cpu
1676288686023,sensor,rapl,17.90216064453125,0,RAPL_ENERGY_PKG,0.0,1.0,cpu
1676288686023,sensor,rapl,20.289794921875,1,RAPL_ENERGY_PKG,0.0,1.0,cpu
1676288686526,sensor,rapl,19.09796142578125,0,RAPL_ENERGY_PKG,0.0,1.0,cpu
1676288686526,sensor,rapl,20.01531982421875,1,RAPL_ENERGY_PKG,0.0,1.0,cpu
1676288687030,sensor,rapl,20.45404052734375,0,RAPL_ENERGY_PKG,0.0,1.0,cpu
1676288687030,sensor,rapl,16.6361083984375,1,RAPL_ENERGY_PKG,0.0,1.0,cpu
1676288687533,sensor,rapl,18.53436279296875,0,RAPL_ENERGY_PKG,0.0,1.0,cpu
1676288687533,sensor,rapl,18.34100341796875,1,RAPL_ENERGY_PKG,0.0,1.0,cpu
1676288688037,sensor,rapl,19.05328369140625,0,RAPL_ENERGY_PKG,0.0,1.0,cpu
1676288688037,sensor,rapl,18.04534912109375,1,RAPL_ENERGY_PKG,0.0,1.0,cpu
1676288688540,sensor,rapl,19.30853271484375,0,RAPL_ENERGY_PKG,0.0,1.0,cpu
1676288688540,sensor,rapl,18.177490234375,1,RAPL_ENERGY_PKG,0.0,1.0,cpu
1676288689045,sensor,rapl,19.017822265625,0,RAPL_ENERGY_PKG,0.0,1.0,cpu
1676288689045,sensor,rapl,17.9776611328125,1,RAPL_ENERGY_PKG,0.0,1.0,cpu
1676288689552,sensor,rapl,19.0550537109375,0,RAPL_ENERGY_PKG,0.0,1.0,cpu
1676288689552,sensor,rapl,18.40283203125,1,RAPL_ENERGY_PKG,0.0,1.0,cpu
1676288690065,sensor,rapl,18.54132080078125,0,RAPL_ENERGY_PKG,0.0,1.0,cpu
1676288690065,sensor,rapl,19.331298828125,1,RAPL_ENERGY_PKG,0.0,1.0,cpu
1676288690570,sensor,rapl,19.38482666015625,0,RAPL_ENERGY_PKG,0.0,1.0,cpu
1676288690570,sensor,rapl,17.94134521484375,1,RAPL_ENERGY_PKG,0.0,1.0,cpu
1676288691073,sensor,rapl,19.524169921875,0,RAPL_ENERGY_PKG,0.0,1.0,cpu
1676288691073,sensor,rapl,18.04534912109375,1,RAPL_ENERGY_PKG,0.0,1.0,cpu
1676288691577,sensor,rapl,19.2576904296875,0,RAPL_ENERGY_PKG,0.0,1.0,cpu
1676288691577,sensor,rapl,18.50384521484375,1,RAPL_ENERGY_PKG,0.0,1.0,cpu
1676288692080,sensor,rapl,17.865966796875,0,RAPL_ENERGY_PKG,0.0,1.0,cpu
1676288692080,sensor,rapl,19.1124267578125,1,RAPL_ENERGY_PKG,0.0,1.0,cpu
1676288692584,sensor,rapl,18.17803955078125,0,RAPL_ENERGY_PKG,0.0,1.0,cpu
1676288692584,sensor,rapl,19.15765380859375,1,RAPL_ENERGY_PKG,0.0,1.0,cpu
1676288693087,sensor,rapl,18.302978515625,0,RAPL_ENERGY_PKG,0.0,1.0,cpu
1676288693087,sensor,rapl,18.62664794921875,1,RAPL_ENERGY_PKG,0.0,1.0,cpu
1676288693590,sensor,rapl,18.68231201171875,0,RAPL_ENERGY_PKG,0.0,1.0,cpu
1676288693590,sensor,rapl,18.2174072265625,1,RAPL_ENERGY_PKG,0.0,1.0,cpu
1676288694094,sensor,rapl,19.01104736328125,0,RAPL_ENERGY_PKG,0.0,1.0,cpu
1676288694094,sensor,rapl,17.77850341796875,1,RAPL_ENERGY_PKG,0.0,1.0,cpu
1676288694597,sensor,rapl,18.994873046875,0,RAPL_ENERGY_PKG,0.0,1.0,cpu
1676288694597,sensor,rapl,18.41827392578125,1,RAPL_ENERGY_PKG,0.0,1.0,cpu
1676288695100,sensor,rapl,17.91766357421875,0,RAPL_ENERGY_PKG,0.0,1.0,cpu
1676288695100,sensor,rapl,19.49468994140625,1,RAPL_ENERGY_PKG,0.0,1.0,cpu
1676288695605,sensor,rapl,18.5343017578125,0,RAPL_ENERGY_PKG,0.0,1.0,cpu
1676288695605,sensor,rapl,19.35821533203125,1,RAPL_ENERGY_PKG,0.0,1.0,cpu
1676288696110,sensor,rapl,18.79046630859375,0,RAPL_ENERGY_PKG,0.0,1.0,cpu
1676288696110,sensor,rapl,18.80926513671875,1,RAPL_ENERGY_PKG,0.0,1.0,cpu
1676288696613,sensor,rapl,18.59381103515625,0,RAPL_ENERGY_PKG,0.0,1.0,cpu
1676288696613,sensor,rapl,19.49432373046875,1,RAPL_ENERGY_PKG,0.0,1.0,cpu
1676288697116,sensor,rapl,19.31024169921875,0,RAPL_ENERGY_PKG,0.0,1.0,cpu
1676288697116,sensor,rapl,17.39495849609375,1,RAPL_ENERGY_PKG,0.0,1.0,cpu
1676288697621,sensor,rapl,18.9332275390625,0,RAPL_ENERGY_PKG,0.0,1.0,cpu
1676288697621,sensor,rapl,18.48309326171875,1,RAPL_ENERGY_PKG,0.0,1.0,cpu
1676288698124,sensor,rapl,17.746337890625,0,RAPL_ENERGY_PKG,0.0,1.0,cpu
1676288698124,sensor,rapl,18.101318359375,1,RAPL_ENERGY_PKG,0.0,1.0,cpu
1676288698628,sensor,rapl,18.6790771484375,0,RAPL_ENERGY_PKG,0.0,1.0,cpu
1676288698628,sensor,rapl,20.0345458984375,1,RAPL_ENERGY_PKG,0.0,1.0,cpu
1676288699131,sensor,rapl,18.9720458984375,0,RAPL_ENERGY_PKG,0.0,1.0,cpu
1676288699131,sensor,rapl,20.04986572265625,1,RAPL_ENERGY_PKG,0.0,1.0,cpu
1676288699635,sensor,rapl,19.8284912109375,0,RAPL_ENERGY_PKG,0.0,1.0,cpu
1676288699635,sensor,rapl,17.800048828125,1,RAPL_ENERGY_PKG,0.0,1.0,cpu
1676288700139,sensor,rapl,19.507080078125,0,RAPL_ENERGY_PKG,0.0,1.0,cpu
1676288700139,sensor,rapl,17.264404296875,1,RAPL_ENERGY_PKG,0.0,1.0,cpu
1676288700642,sensor,rapl,18.95721435546875,0,RAPL_ENERGY_PKG,0.0,1.0,cpu
1676288700642,sensor,rapl,17.9903564453125,1,RAPL_ENERGY_PKG,0.0,1.0,cpu
1676288701146,sensor,rapl,18.26190185546875,0,RAPL_ENERGY_PKG,0.0,1.0,cpu
1676288701146,sensor,rapl,17.6063232421875,1,RAPL_ENERGY_PKG,0.0,1.0,cpu
1676288701662,sensor,rapl,18.557861328125,0,RAPL_ENERGY_PKG,0.0,1.0,cpu
1676288701662,sensor,rapl,16.58978271484375,1,RAPL_ENERGY_PKG,0.0,1.0,cpu
1676288702166,sensor,rapl,17.95526123046875,0,RAPL_ENERGY_PKG,0.0,1.0,cpu
1676288702166,sensor,rapl,17.247314453125,1,RAPL_ENERGY_PKG,0.0,1.0,cpu
1676288702674,sensor,rapl,19.5589599609375,0,RAPL_ENERGY_PKG,0.0,1.0,cpu
1676288702674,sensor,rapl,17.44195556640625,1,RAPL_ENERGY_PKG,0.0,1.0,cpu
1676288703177,sensor,rapl,19.20391845703125,0,RAPL_ENERGY_PKG,0.0,1.0,cpu
1676288703177,sensor,rapl,17.7965087890625,1,RAPL_ENERGY_PKG,0.0,1.0,cpu
1676288703681,sensor,rapl,18.5850830078125,0,RAPL_ENERGY_PKG,0.0,1.0,cpu
1676288703681,sensor,rapl,18.248046875,1,RAPL_ENERGY_PKG,0.0,1.0,cpu
1676288704184,sensor,rapl,19.26080322265625,0,RAPL_ENERGY_PKG,0.0,1.0,cpu
1676288704184,sensor,rapl,17.8203125,1,RAPL_ENERGY_PKG,0.0,1.0,cpu
1676288704688,sensor,rapl,19.49493408203125,0,RAPL_ENERGY_PKG,0.0,1.0,cpu
1676288704688,sensor,rapl,17.74371337890625,1,RAPL_ENERGY_PKG,0.0,1.0,cpu
1676288705194,sensor,rapl,19.73388671875,0,RAPL_ENERGY_PKG,0.0,1.0,cpu
1676288705194,sensor,rapl,16.8896484375,1,RAPL_ENERGY_PKG,0.0,1.0,cpu
1676288705697,sensor,rapl,19.59844970703125,0,RAPL_ENERGY_PKG,0.0,1.0,cpu
1676288705697,sensor,rapl,17.42938232421875,1,RAPL_ENERGY_PKG,0.0,1.0,cpu
1676288706201,sensor,rapl,19.70159912109375,0,RAPL_ENERGY_PKG,0.0,1.0,cpu
1676288706201,sensor,rapl,18.03802490234375,1,RAPL_ENERGY_PKG,0.0,1.0,cpu
1676288706703,sensor,rapl,19.3514404296875,0,RAPL_ENERGY_PKG,0.0,1.0,cpu
1676288706703,sensor,rapl,17.63226318359375,1,RAPL_ENERGY_PKG,0.0,1.0,cpu
1676288707207,sensor,rapl,18.87030029296875,0,RAPL_ENERGY_PKG,0.0,1.0,cpu
1676288707207,sensor,rapl,18.15924072265625,1,RAPL_ENERGY_PKG,0.0,1.0,cpu
1676288707722,sensor,rapl,20.2298583984375,0,RAPL_ENERGY_PKG,0.0,1.0,cpu
1676288707722,sensor,rapl,18.04364013671875,1,RAPL_ENERGY_PKG,0.0,1.0,cpu
1676288708225,sensor,rapl,19.6204833984375,0,RAPL_ENERGY_PKG,0.0,1.0,cpu
1676288708225,sensor,rapl,17.8304443359375,1,RAPL_ENERGY_PKG,0.0,1.0,cpu
1676288708728,sensor,rapl,19.3009033203125,0,RAPL_ENERGY_PKG,0.0,1.0,cpu
1676288708728,sensor,rapl,17.33770751953125,1,RAPL_ENERGY_PKG,0.0,1.0,cpu
1676288709234,sensor,rapl,19.12274169921875,0,RAPL_ENERGY_PKG,0.0,1.0,cpu
1676288709234,sensor,rapl,18.3896484375,1,RAPL_ENERGY_PKG,0.0,1.0,cpu
1676288709738,sensor,rapl,18.88873291015625,0,RAPL_ENERGY_PKG,0.0,1.0,cpu
1676288709738,sensor,rapl,17.9599609375,1,RAPL_ENERGY_PKG,0.0,1.0,cpu
1676288710240,sensor,rapl,19.477294921875,0,RAPL_ENERGY_PKG,0.0,1.0,cpu
1676288710240,sensor,rapl,18.195556640625,1,RAPL_ENERGY_PKG,0.0,1.0,cpu
1676288710743,sensor,rapl,19.77099609375,0,RAPL_ENERGY_PKG,0.0,1.0,cpu
1676288710743,sensor,rapl,17.48773193359375,1,RAPL_ENERGY_PKG,0.0,1.0,cpu
1676288711247,sensor,rapl,21.0321044921875,0,RAPL_ENERGY_PKG,0.0,1.0,cpu
1676288711247,sensor,rapl,17.720703125,1,RAPL_ENERGY_PKG,0.0,1.0,cpu
1676288711749,sensor,rapl,20.4521484375,0,RAPL_ENERGY_PKG,0.0,1.0,cpu
1676288711749,sensor,rapl,17.73565673828125,1,RAPL_ENERGY_PKG,0.0,1.0,cpu
1676288712252,sensor,rapl,20.20013427734375,0,RAPL_ENERGY_PKG,0.0,1.0,cpu
1676288712252,sensor,rapl,17.14990234375,1,RAPL_ENERGY_PKG,0.0,1.0,cpu
1676288712758,sensor,rapl,19.49017333984375,0,RAPL_ENERGY_PKG,0.0,1.0,cpu
1676288712758,sensor,rapl,17.76971435546875,1,RAPL_ENERGY_PKG,0.0,1.0,cpu
1676288713263,sensor,rapl,19.6419677734375,0,RAPL_ENERGY_PKG,0.0,1.0,cpu
1676288713263,sensor,rapl,18.0279541015625,1,RAPL_ENERGY_PKG,0.0,1.0,cpu
1676288713767,sensor,rapl,19.20635986328125,0,RAPL_ENERGY_PKG,0.0,1.0,cpu
1676288713767,sensor,rapl,17.68084716796875,1,RAPL_ENERGY_PKG,0.0,1.0,cpu
1676288714274,sensor,rapl,19.22430419921875,0,RAPL_ENERGY_PKG,0.0,1.0,cpu
1676288714274,sensor,rapl,18.54718017578125,1,RAPL_ENERGY_PKG,0.0,1.0,cpu
1676288714777,sensor,rapl,19.39093017578125,0,RAPL_ENERGY_PKG,0.0,1.0,cpu
1676288714777,sensor,rapl,17.33148193359375,1,RAPL_ENERGY_PKG,0.0,1.0,cpu
1676288715283,sensor,rapl,17.80096435546875,0,RAPL_ENERGY_PKG,0.0,1.0,cpu
1676288715283,sensor,rapl,18.9857177734375,1,RAPL_ENERGY_PKG,0.0,1.0,cpu
1676288715786,sensor,rapl,19.01324462890625,0,RAPL_ENERGY_PKG,0.0,1.0,cpu
1676288715786,sensor,rapl,18.17047119140625,1,RAPL_ENERGY_PKG,0.0,1.0,cpu
1676288716289,sensor,rapl,19.37457275390625,0,RAPL_ENERGY_PKG,0.0,1.0,cpu
1676288716289,sensor,rapl,16.4794921875,1,RAPL_ENERGY_PKG,0.0,1.0,cpu
1676288716794,sensor,rapl,19.73193359375,0,RAPL_ENERGY_PKG,0.0,1.0,cpu
1676288716794,sensor,rapl,17.4791259765625,1,RAPL_ENERGY_PKG,0.0,1.0,cpu
1676288717297,sensor,rapl,19.7421875,0,RAPL_ENERGY_PKG,0.0,1.0,cpu
1676288717297,sensor,rapl,17.7249755859375,1,RAPL_ENERGY_PKG,0.0,1.0,cpu
1676288717802,sensor,rapl,19.27410888671875,0,RAPL_ENERGY_PKG,0.0,1.0,cpu
1676288717802,sensor,rapl,18.3052978515625,1,RAPL_ENERGY_PKG,0.0,1.0,cpu
1676288718305,sensor,rapl,19.044921875,0,RAPL_ENERGY_PKG,0.0,1.0,cpu
1676288718305,sensor,rapl,18.08953857421875,1,RAPL_ENERGY_PKG,0.0,1.0,cpu
1676288718810,sensor,rapl,19.56646728515625,0,RAPL_ENERGY_PKG,0.0,1.0,cpu
1676288718810,sensor,rapl,18.12841796875,1,RAPL_ENERGY_PKG,0.0,1.0,cpu
1676288719328,sensor,rapl,19.85369873046875,0,RAPL_ENERGY_PKG,0.0,1.0,cpu
1676288719328,sensor,rapl,18.01947021484375,1,RAPL_ENERGY_PKG,0.0,1.0,cpu
1676288719834,sensor,rapl,19.041748046875,0,RAPL_ENERGY_PKG,0.0,1.0,cpu
1676288719834,sensor,rapl,18.1500244140625,1,RAPL_ENERGY_PKG,0.0,1.0,cpu
1676288720338,sensor,rapl,19.1297607421875,0,RAPL_ENERGY_PKG,0.0,1.0,cpu
1676288720338,sensor,rapl,18.592529296875,1,RAPL_ENERGY_PKG,0.0,1.0,cpu
1676288720841,sensor,rapl,18.55169677734375,0,RAPL_ENERGY_PKG,0.0,1.0,cpu
1676288720841,sensor,rapl,18.29498291015625,1,RAPL_ENERGY_PKG,0.0,1.0,cpu
1676288721345,sensor,rapl,18.473388671875,0,RAPL_ENERGY_PKG,0.0,1.0,cpu
1676288721345,sensor,rapl,18.56817626953125,1,RAPL_ENERGY_PKG,0.0,1.0,cpu
1676288721849,sensor,rapl,18.28631591796875,0,RAPL_ENERGY_PKG,0.0,1.0,cpu
1676288721849,sensor,rapl,18.78387451171875,1,RAPL_ENERGY_PKG,0.0,1.0,cpu
1676288722352,sensor,rapl,18.55499267578125,0,RAPL_ENERGY_PKG,0.0,1.0,cpu
1676288722352,sensor,rapl,17.88909912109375,1,RAPL_ENERGY_PKG,0.0,1.0,cpu
1676288722856,sensor,rapl,18.8284912109375,0,RAPL_ENERGY_PKG,0.0,1.0,cpu
1676288722856,sensor,rapl,19.46429443359375,1,RAPL_ENERGY_PKG,0.0,1.0,cpu
1676288723360,sensor,rapl,19.52142333984375,0,RAPL_ENERGY_PKG,0.0,1.0,cpu
1676288723360,sensor,rapl,19.59130859375,1,RAPL_ENERGY_PKG,0.0,1.0,cpu
1676288723863,sensor,rapl,19.9195556640625,0,RAPL_ENERGY_PKG,0.0,1.0,cpu
1676288723863,sensor,rapl,19.11212158203125,1,RAPL_ENERGY_PKG,0.0,1.0,cpu
1676288724369,sensor,rapl,19.73883056640625,0,RAPL_ENERGY_PKG,0.0,1.0,cpu
1676288724369,sensor,rapl,17.8804931640625,1,RAPL_ENERGY_PKG,0.0,1.0,cpu
1676288724873,sensor,rapl,19.07147216796875,0,RAPL_ENERGY_PKG,0.0,1.0,cpu
1676288724873,sensor,rapl,18.229736328125,1,RAPL_ENERGY_PKG,0.0,1.0,cpu
1676288725385,sensor,rapl,19.58135986328125,0,RAPL_ENERGY_PKG,0.0,1.0,cpu
1676288725385,sensor,rapl,18.13873291015625,1,RAPL_ENERGY_PKG,0.0,1.0,cpu
1676288725889,sensor,rapl,17.16510009765625,0,RAPL_ENERGY_PKG,0.0,1.0,cpu
1676288725889,sensor,rapl,19.511474609375,1,RAPL_ENERGY_PKG,0.0,1.0,cpu
1676288726394,sensor,rapl,18.30303955078125,0,RAPL_ENERGY_PKG,0.0,1.0,cpu
1676288726394,sensor,rapl,18.975830078125,1,RAPL_ENERGY_PKG,0.0,1.0,cpu
1676288726900,sensor,rapl,17.83392333984375,0,RAPL_ENERGY_PKG,0.0,1.0,cpu
1676288726900,sensor,rapl,19.3426513671875,1,RAPL_ENERGY_PKG,0.0,1.0,cpu
1676288727403,sensor,rapl,18.919921875,0,RAPL_ENERGY_PKG,0.0,1.0,cpu
1676288727403,sensor,rapl,18.018798828125,1,RAPL_ENERGY_PKG,0.0,1.0,cpu
1676288727906,sensor,rapl,19.927978515625,0,RAPL_ENERGY_PKG,0.0,1.0,cpu
1676288727906,sensor,rapl,17.9443359375,1,RAPL_ENERGY_PKG,0.0,1.0,cpu
1676288728410,sensor,rapl,19.82928466796875,0,RAPL_ENERGY_PKG,0.0,1.0,cpu
1676288728410,sensor,rapl,17.94708251953125,1,RAPL_ENERGY_PKG,0.0,1.0,cpu
1676288728914,sensor,rapl,19.66729736328125,0,RAPL_ENERGY_PKG,0.0,1.0,cpu
1676288728914,sensor,rapl,17.99017333984375,1,RAPL_ENERGY_PKG,0.0,1.0,cpu
1676288729416,sensor,rapl,19.278076171875,0,RAPL_ENERGY_PKG,0.0,1.0,cpu
1676288729416,sensor,rapl,17.41180419921875,1,RAPL_ENERGY_PKG,0.0,1.0,cpu
1676288729919,sensor,rapl,19.4012451171875,0,RAPL_ENERGY_PKG,0.0,1.0,cpu
1676288729919,sensor,rapl,18.08807373046875,1,RAPL_ENERGY_PKG,0.0,1.0,cpu
1676288730424,sensor,rapl,18.737548828125,0,RAPL_ENERGY_PKG,0.0,1.0,cpu
1676288730424,sensor,rapl,18.43341064453125,1,RAPL_ENERGY_PKG,0.0,1.0,cpu
1676288730941,sensor,rapl,19.251953125,0,RAPL_ENERGY_PKG,0.0,1.0,cpu
1676288730941,sensor,rapl,18.715087890625,1,RAPL_ENERGY_PKG,0.0,1.0,cpu
1676288731446,sensor,rapl,17.80975341796875,0,RAPL_ENERGY_PKG,0.0,1.0,cpu
1676288731446,sensor,rapl,18.83599853515625,1,RAPL_ENERGY_PKG,0.0,1.0,cpu
1676288731949,sensor,rapl,18.40869140625,0,RAPL_ENERGY_PKG,0.0,1.0,cpu
1676288731949,sensor,rapl,19.13525390625,1,RAPL_ENERGY_PKG,0.0,1.0,cpu
1676288732454,sensor,rapl,18.9403076171875,0,RAPL_ENERGY_PKG,0.0,1.0,cpu
1676288732454,sensor,rapl,18.7701416015625,1,RAPL_ENERGY_PKG,0.0,1.0,cpu
1676288732959,sensor,rapl,19.00140380859375,0,RAPL_ENERGY_PKG,0.0,1.0,cpu
1676288732959,sensor,rapl,18.9609375,1,RAPL_ENERGY_PKG,0.0,1.0,cpu
1676288733464,sensor,rapl,18.15496826171875,0,RAPL_ENERGY_PKG,0.0,1.0,cpu
1676288733464,sensor,rapl,19.3524169921875,1,RAPL_ENERGY_PKG,0.0,1.0,cpu
1676288733968,sensor,rapl,19.03179931640625,0,RAPL_ENERGY_PKG,0.0,1.0,cpu
1676288733968,sensor,rapl,17.71343994140625,1,RAPL_ENERGY_PKG,0.0,1.0,cpu
1676288734473,sensor,rapl,19.3040771484375,0,RAPL_ENERGY_PKG,0.0,1.0,cpu
1676288734473,sensor,rapl,17.1849365234375,1,RAPL_ENERGY_PKG,0.0,1.0,cpu
1676288734978,sensor,rapl,18.8980712890625,0,RAPL_ENERGY_PKG,0.0,1.0,cpu
1676288734978,sensor,rapl,17.8216552734375,1,RAPL_ENERGY_PKG,0.0,1.0,cpu
1676288735482,sensor,rapl,19.03424072265625,0,RAPL_ENERGY_PKG,0.0,1.0,cpu
1676288735482,sensor,rapl,19.71307373046875,1,RAPL_ENERGY_PKG,0.0,1.0,cpu
1676288735986,sensor,rapl,17.93560791015625,0,RAPL_ENERGY_PKG,0.0,1.0,cpu
1676288735986,sensor,rapl,21.10009765625,1,RAPL_ENERGY_PKG,0.0,1.0,cpu
1676288736489,sensor,rapl,19.017822265625,0,RAPL_ENERGY_PKG,0.0,1.0,cpu
1676288736489,sensor,rapl,18.632080078125,1,RAPL_ENERGY_PKG,0.0,1.0,cpu
1676288737001,sensor,rapl,19.6776123046875,0,RAPL_ENERGY_PKG,0.0,1.0,cpu
1676288737001,sensor,rapl,18.195556640625,1,RAPL_ENERGY_PKG,0.0,1.0,cpu
1676288737505,sensor,rapl,19.5352783203125,0,RAPL_ENERGY_PKG,0.0,1.0,cpu
1676288737505,sensor,rapl,17.33575439453125,1,RAPL_ENERGY_PKG,0.0,1.0,cpu
1676288738008,sensor,rapl,18.638427734375,0,RAPL_ENERGY_PKG,0.0,1.0,cpu
1676288738008,sensor,rapl,18.4349365234375,1,RAPL_ENERGY_PKG,0.0,1.0,cpu
1676288738511,sensor,rapl,18.10980224609375,0,RAPL_ENERGY_PKG,0.0,1.0,cpu
1676288738511,sensor,rapl,18.859375,1,RAPL_ENERGY_PKG,0.0,1.0,cpu
1676288739014,sensor,rapl,18.7957763671875,0,RAPL_ENERGY_PKG,0.0,1.0,cpu
1676288739014,sensor,rapl,19.000732421875,1,RAPL_ENERGY_PKG,0.0,1.0,cpu
1676288739519,sensor,rapl,19.059814453125,0,RAPL_ENERGY_PKG,0.0,1.0,cpu
1676288739519,sensor,rapl,18.52508544921875,1,RAPL_ENERGY_PKG,0.0,1.0,cpu
1676288740022,sensor,rapl,19.46197509765625,0,RAPL_ENERGY_PKG,0.0,1.0,cpu
1676288740022,sensor,rapl,18.13427734375,1,RAPL_ENERGY_PKG,0.0,1.0,cpu
1676288740526,sensor,rapl,18.74810791015625,0,RAPL_ENERGY_PKG,0.0,1.0,cpu
1676288740526,sensor,rapl,18.13427734375,1,RAPL_ENERGY_PKG,0.0,1.0,cpu
1676288741031,sensor,rapl,18.69842529296875,0,RAPL_ENERGY_PKG,0.0,1.0,cpu
1676288741031,sensor,rapl,18.40936279296875,1,RAPL_ENERGY_PKG,0.0,1.0,cpu
1676288741535,sensor,rapl,18.1968994140625,0,RAPL_ENERGY_PKG,0.0,1.0,cpu
1676288741535,sensor,rapl,19.151611328125,1,RAPL_ENERGY_PKG,0.0,1.0,cpu
1676288742039,sensor,rapl,18.64697265625,0,RAPL_ENERGY_PKG,0.0,1.0,cpu
1676288742039,sensor,rapl,16.667724609375,1,RAPL_ENERGY_PKG,0.0,1.0,cpu
1676288742543,sensor,rapl,19.154541015625,0,RAPL_ENERGY_PKG,0.0,1.0,cpu
1676288742543,sensor,rapl,18.1981201171875,1,RAPL_ENERGY_PKG,0.0,1.0,cpu
1676288743057,sensor,rapl,20.138427734375,0,RAPL_ENERGY_PKG,0.0,1.0,cpu
1676288743057,sensor,rapl,18.57073974609375,1,RAPL_ENERGY_PKG,0.0,1.0,cpu
1676288743562,sensor,rapl,18.8201904296875,0,RAPL_ENERGY_PKG,0.0,1.0,cpu
1676288743562,sensor,rapl,18.50482177734375,1,RAPL_ENERGY_PKG,0.0,1.0,cpu
1676288744067,sensor,rapl,18.64453125,0,RAPL_ENERGY_PKG,0.0,1.0,cpu
1676288744067,sensor,rapl,19.29595947265625,1,RAPL_ENERGY_PKG,0.0,1.0,cpu
1676288744570,sensor,rapl,18.6259765625,0,RAPL_ENERGY_PKG,0.0,1.0,cpu
1676288744570,sensor,rapl,19.1990966796875,1,RAPL_ENERGY_PKG,0.0,1.0,cpu
1676288745074,sensor,rapl,19.00030517578125,0,RAPL_ENERGY_PKG,0.0,1.0,cpu
1676288745074,sensor,rapl,17.3828125,1,RAPL_ENERGY_PKG,0.0,1.0,cpu
1676288745578,sensor,rapl,18.49609375,0,RAPL_ENERGY_PKG,0.0,1.0,cpu
1676288745578,sensor,rapl,17.69036865234375,1,RAPL_ENERGY_PKG,0.0,1.0,cpu
1676288746082,sensor,rapl,18.26220703125,0,RAPL_ENERGY_PKG,0.0,1.0,cpu
1676288746082,sensor,rapl,19.36590576171875,1,RAPL_ENERGY_PKG,0.0,1.0,cpu
1676288746585,sensor,rapl,19.1439208984375,0,RAPL_ENERGY_PKG,0.0,1.0,cpu
1676288746585,sensor,rapl,18.855224609375,1,RAPL_ENERGY_PKG,0.0,1.0,cpu
1676288747092,sensor,rapl,18.58221435546875,0,RAPL_ENERGY_PKG,0.0,1.0,cpu
1676288747092,sensor,rapl,18.8865966796875,1,RAPL_ENERGY_PKG,0.0,1.0,cpu
1676288747598,sensor,rapl,17.86236572265625,0,RAPL_ENERGY_PKG,0.0,1.0,cpu
1676288747598,sensor,rapl,20.03973388671875,1,RAPL_ENERGY_PKG,0.0,1.0,cpu
1676288748104,sensor,rapl,17.77667236328125,0,RAPL_ENERGY_PKG,0.0,1.0,cpu
1676288748104,sensor,rapl,20.67431640625,1,RAPL_ENERGY_PKG,0.0,1.0,cpu
1676288748608,sensor,rapl,18.30352783203125,0,RAPL_ENERGY_PKG,0.0,1.0,cpu
1676288748608,sensor,rapl,20.33782958984375,1,RAPL_ENERGY_PKG,0.0,1.0,cpu
1676288749128,sensor,rapl,19.388671875,0,RAPL_ENERGY_PKG,0.0,1.0,cpu
1676288749128,sensor,rapl,19.089599609375,1,RAPL_ENERGY_PKG,0.0,1.0,cpu
1676288749632,sensor,rapl,17.98663330078125,0,RAPL_ENERGY_PKG,0.0,1.0,cpu
1676288749632,sensor,rapl,18.4764404296875,1,RAPL_ENERGY_PKG,0.0,1.0,cpu
1676288750135,sensor,rapl,18.18115234375,0,RAPL_ENERGY_PKG,0.0,1.0,cpu
1676288750135,sensor,rapl,19.73187255859375,1,RAPL_ENERGY_PKG,0.0,1.0,cpu
1676288750641,sensor,rapl,17.70184326171875,0,RAPL_ENERGY_PKG,0.0,1.0,cpu
1676288750641,sensor,rapl,19.19097900390625,1,RAPL_ENERGY_PKG,0.0,1.0,cpu
1676288751146,sensor,rapl,18.96466064453125,0,RAPL_ENERGY_PKG,0.0,1.0,cpu
1676288751146,sensor,rapl,19.13092041015625,1,RAPL_ENERGY_PKG,0.0,1.0,cpu
1676288751649,sensor,rapl,17.53704833984375,0,RAPL_ENERGY_PKG,0.0,1.0,cpu
1676288751649,sensor,rapl,19.03411865234375,1,RAPL_ENERGY_PKG,0.0,1.0,cpu
1676288752154,sensor,rapl,18.5736083984375,0,RAPL_ENERGY_PKG,0.0,1.0,cpu
1676288752154,sensor,rapl,18.989501953125,1,RAPL_ENERGY_PKG,0.0,1.0,cpu
1676288752659,sensor,rapl,18.92803955078125,0,RAPL_ENERGY_PKG,0.0,1.0,cpu
1676288752659,sensor,rapl,18.83160400390625,1,RAPL_ENERGY_PKG,0.0,1.0,cpu
1676288753165,sensor,rapl,17.96417236328125,0,RAPL_ENERGY_PKG,0.0,1.0,cpu
1676288753165,sensor,rapl,18.25604248046875,1,RAPL_ENERGY_PKG,0.0,1.0,cpu
1676288753668,sensor,rapl,18.16790771484375,0,RAPL_ENERGY_PKG,0.0,1.0,cpu
1676288753668,sensor,rapl,19.18121337890625,1,RAPL_ENERGY_PKG,0.0,1.0,cpu
1676288754173,sensor,rapl,19.07965087890625,0,RAPL_ENERGY_PKG,0.0,1.0,cpu
1676288754173,sensor,rapl,18.73486328125,1,RAPL_ENERGY_PKG,0.0,1.0,cpu
1676288754693,sensor,rapl,18.8194580078125,0,RAPL_ENERGY_PKG,0.0,1.0,cpu
1676288754693,sensor,rapl,19.5169677734375,1,RAPL_ENERGY_PKG,0.0,1.0,cpu
1676288755197,sensor,rapl,18.48944091796875,0,RAPL_ENERGY_PKG,0.0,1.0,cpu
1676288755197,sensor,rapl,18.71429443359375,1,RAPL_ENERGY_PKG,0.0,1.0,cpu
1676288755701,sensor,rapl,18.51611328125,0,RAPL_ENERGY_PKG,0.0,1.0,cpu
1676288755701,sensor,rapl,18.2554931640625,1,RAPL_ENERGY_PKG,0.0,1.0,cpu
1676288756204,sensor,rapl,18.82904052734375,0,RAPL_ENERGY_PKG,0.0,1.0,cpu
1676288756204,sensor,rapl,18.32965087890625,1,RAPL_ENERGY_PKG,0.0,1.0,cpu
1676288756708,sensor,rapl,18.97149658203125,0,RAPL_ENERGY_PKG,0.0,1.0,cpu
1676288756708,sensor,rapl,18.93341064453125,1,RAPL_ENERGY_PKG,0.0,1.0,cpu
1676288757213,sensor,rapl,18.60003662109375,0,RAPL_ENERGY_PKG,0.0,1.0,cpu
1676288757213,sensor,rapl,16.56207275390625,1,RAPL_ENERGY_PKG,0.0,1.0,cpu
1676288757719,sensor,rapl,18.72235107421875,0,RAPL_ENERGY_PKG,0.0,1.0,cpu
1676288757719,sensor,rapl,19.21405029296875,1,RAPL_ENERGY_PKG,0.0,1.0,cpu
1676288758222,sensor,rapl,18.69207763671875,0,RAPL_ENERGY_PKG,0.0,1.0,cpu
1676288758222,sensor,rapl,19.1636962890625,1,RAPL_ENERGY_PKG,0.0,1.0,cpu
1676288758726,sensor,rapl,18.10528564453125,0,RAPL_ENERGY_PKG,0.0,1.0,cpu
1676288758726,sensor,rapl,18.25665283203125,1,RAPL_ENERGY_PKG,0.0,1.0,cpu
1676288759231,sensor,rapl,18.27862548828125,0,RAPL_ENERGY_PKG,0.0,1.0,cpu
1676288759231,sensor,rapl,18.5943603515625,1,RAPL_ENERGY_PKG,0.0,1.0,cpu
1676288759737,sensor,rapl,19.38824462890625,0,RAPL_ENERGY_PKG,0.0,1.0,cpu
1676288759737,sensor,rapl,18.87542724609375,1,RAPL_ENERGY_PKG,0.0,1.0,cpu
1676288760240,sensor,rapl,20.60687255859375,0,RAPL_ENERGY_PKG,0.0,1.0,cpu
1676288760240,sensor,rapl,18.7218017578125,1,RAPL_ENERGY_PKG,0.0,1.0,cpu
1676288760757,sensor,rapl,19.63458251953125,0,RAPL_ENERGY_PKG,0.0,1.0,cpu
1676288760757,sensor,rapl,18.7825927734375,1,RAPL_ENERGY_PKG,0.0,1.0,cpu
1676288761261,sensor,rapl,18.38604736328125,0,RAPL_ENERGY_PKG,0.0,1.0,cpu
1676288761261,sensor,rapl,19.36114501953125,1,RAPL_ENERGY_PKG,0.0,1.0,cpu
1676288761764,sensor,rapl,18.11041259765625,0,RAPL_ENERGY_PKG,0.0,1.0,cpu
1676288761764,sensor,rapl,18.89990234375,1,RAPL_ENERGY_PKG,0.0,1.0,cpu
1676288762269,sensor,rapl,19.0250244140625,0,RAPL_ENERGY_PKG,0.0,1.0,cpu
1676288762269,sensor,rapl,18.702880859375,1,RAPL_ENERGY_PKG,0.0,1.0,cpu
1676288762776,sensor,rapl,18.04510498046875,0,RAPL_ENERGY_PKG,0.0,1.0,cpu
1676288762776,sensor,rapl,19.08892822265625,1,RAPL_ENERGY_PKG,0.0,1.0,cpu
1676288763282,sensor,rapl,17.7340087890625,0,RAPL_ENERGY_PKG,0.0,1.0,cpu
1676288763282,sensor,rapl,19.41925048828125,1,RAPL_ENERGY_PKG,0.0,1.0,cpu
1676288763788,sensor,rapl,18.4097900390625,0,RAPL_ENERGY_PKG,0.0,1.0,cpu
1676288763788,sensor,rapl,18.96905517578125,1,RAPL_ENERGY_PKG,0.0,1.0,cpu
1676288764293,sensor,rapl,17.630615234375,0,RAPL_ENERGY_PKG,0.0,1.0,cpu
1676288764293,sensor,rapl,18.99603271484375,1,RAPL_ENERGY_PKG,0.0,1.0,cpu
1676288764797,sensor,rapl,18.71807861328125,0,RAPL_ENERGY_PKG,0.0,1.0,cpu
1676288764797,sensor,rapl,17.460205078125,1,RAPL_ENERGY_PKG,0.0,1.0,cpu
1676288765300,sensor,rapl,18.01654052734375,0,RAPL_ENERGY_PKG,0.0,1.0,cpu
1676288765300,sensor,rapl,18.84124755859375,1,RAPL_ENERGY_PKG,0.0,1.0,cpu
1676288765803,sensor,rapl,17.31884765625,0,RAPL_ENERGY_PKG,0.0,1.0,cpu
1676288765803,sensor,rapl,19.912109375,1,RAPL_ENERGY_PKG,0.0,1.0,cpu
1676288766308,sensor,rapl,17.880859375,0,RAPL_ENERGY_PKG,0.0,1.0,cpu
1676288766308,sensor,rapl,19.19976806640625,1,RAPL_ENERGY_PKG,0.0,1.0,cpu
1676288766812,sensor,rapl,18.69464111328125,0,RAPL_ENERGY_PKG,0.0,1.0,cpu
1676288766812,sensor,rapl,18.75189208984375,1,RAPL_ENERGY_PKG,0.0,1.0,cpu
1676288767315,sensor,rapl,19.2535400390625,0,RAPL_ENERGY_PKG,0.0,1.0,cpu
1676288767315,sensor,rapl,18.2069091796875,1,RAPL_ENERGY_PKG,0.0,1.0,cpu
1676288767819,sensor,rapl,19.13311767578125,0,RAPL_ENERGY_PKG,0.0,1.0,cpu
1676288767819,sensor,rapl,18.7388916015625,1,RAPL_ENERGY_PKG,0.0,1.0,cpu
1676288768322,sensor,rapl,17.64166259765625,0,RAPL_ENERGY_PKG,0.0,1.0,cpu
1676288768322,sensor,rapl,18.41693115234375,1,RAPL_ENERGY_PKG,0.0,1.0,cpu
1676288768825,sensor,rapl,17.48529052734375,0,RAPL_ENERGY_PKG,0.0,1.0,cpu
1676288768825,sensor,rapl,18.28192138671875,1,RAPL_ENERGY_PKG,0.0,1.0,cpu
1676288769328,sensor,rapl,18.36553955078125,0,RAPL_ENERGY_PKG,0.0,1.0,cpu
1676288769328,sensor,rapl,18.302001953125,1,RAPL_ENERGY_PKG,0.0,1.0,cpu
1676288769834,sensor,rapl,17.5074462890625,0,RAPL_ENERGY_PKG,0.0,1.0,cpu
1676288769834,sensor,rapl,19.24969482421875,1,RAPL_ENERGY_PKG,0.0,1.0,cpu
1676288770339,sensor,rapl,17.830078125,0,RAPL_ENERGY_PKG,0.0,1.0,cpu
1676288770339,sensor,rapl,19.32684326171875,1,RAPL_ENERGY_PKG,0.0,1.0,cpu
1676288770844,sensor,rapl,18.29937744140625,0,RAPL_ENERGY_PKG,0.0,1.0,cpu
1676288770844,sensor,rapl,18.9644775390625,1,RAPL_ENERGY_PKG,0.0,1.0,cpu
1676288771347,sensor,rapl,18.5157470703125,0,RAPL_ENERGY_PKG,0.0,1.0,cpu
1676288771347,sensor,rapl,18.59808349609375,1,RAPL_ENERGY_PKG,0.0,1.0,cpu
1676288771851,sensor,rapl,18.20220947265625,0,RAPL_ENERGY_PKG,0.0,1.0,cpu
1676288771851,sensor,rapl,17.5992431640625,1,RAPL_ENERGY_PKG,0.0,1.0,cpu
1676288772367,sensor,rapl,20.4776611328125,0,RAPL_ENERGY_PKG,0.0,1.0,cpu
1676288772367,sensor,rapl,19.1644287109375,1,RAPL_ENERGY_PKG,0.0,1.0,cpu
1676288772872,sensor,rapl,19.68963623046875,0,RAPL_ENERGY_PKG,0.0,1.0,cpu
1676288772872,sensor,rapl,19.89337158203125,1,RAPL_ENERGY_PKG,0.0,1.0,cpu
1676288773377,sensor,rapl,19.9976806640625,0,RAPL_ENERGY_PKG,0.0,1.0,cpu
1676288773377,sensor,rapl,18.5714111328125,1,RAPL_ENERGY_PKG,0.0,1.0,cpu
1676288773880,sensor,rapl,18.81982421875,0,RAPL_ENERGY_PKG,0.0,1.0,cpu
1676288773880,sensor,rapl,18.81988525390625,1,RAPL_ENERGY_PKG,0.0,1.0,cpu
1676288774384,sensor,rapl,18.846435546875,0,RAPL_ENERGY_PKG,0.0,1.0,cpu
1676288774384,sensor,rapl,18.4569091796875,1,RAPL_ENERGY_PKG,0.0,1.0,cpu
1676288774888,sensor,rapl,19.5220947265625,0,RAPL_ENERGY_PKG,0.0,1.0,cpu
1676288774888,sensor,rapl,18.381103515625,1,RAPL_ENERGY_PKG,0.0,1.0,cpu
1676288775391,sensor,rapl,18.64044189453125,0,RAPL_ENERGY_PKG,0.0,1.0,cpu
1676288775391,sensor,rapl,18.25091552734375,1,RAPL_ENERGY_PKG,0.0,1.0,cpu
1676288775894,sensor,rapl,17.77593994140625,0,RAPL_ENERGY_PKG,0.0,1.0,cpu
1676288775894,sensor,rapl,15.60797119140625,1,RAPL_ENERGY_PKG,0.0,1.0,cpu
1676288776398,sensor,rapl,17.84002685546875,0,RAPL_ENERGY_PKG,0.0,1.0,cpu
1676288776398,sensor,rapl,17.15472412109375,1,RAPL_ENERGY_PKG,0.0,1.0,cpu
1676288776903,sensor,rapl,16.49609375,0,RAPL_ENERGY_PKG,0.0,1.0,cpu
1676288776903,sensor,rapl,19.56573486328125,1,RAPL_ENERGY_PKG,0.0,1.0,cpu
1676288777408,sensor,rapl,16.2120361328125,0,RAPL_ENERGY_PKG,0.0,1.0,cpu
1676288777408,sensor,rapl,19.66290283203125,1,RAPL_ENERGY_PKG,0.0,1.0,cpu
1676288777912,sensor,rapl,17.702880859375,0,RAPL_ENERGY_PKG,0.0,1.0,cpu
1676288777912,sensor,rapl,18.08050537109375,1,RAPL_ENERGY_PKG,0.0,1.0,cpu
1676288778430,sensor,rapl,18.91009521484375,0,RAPL_ENERGY_PKG,0.0,1.0,cpu
1676288778430,sensor,rapl,19.1107177734375,1,RAPL_ENERGY_PKG,0.0,1.0,cpu
1676288778936,sensor,rapl,17.49774169921875,0,RAPL_ENERGY_PKG,0.0,1.0,cpu
1676288778936,sensor,rapl,18.864990234375,1,RAPL_ENERGY_PKG,0.0,1.0,cpu
1676288779441,sensor,rapl,17.625,0,RAPL_ENERGY_PKG,0.0,1.0,cpu
1676288779441,sensor,rapl,19.42132568359375,1,RAPL_ENERGY_PKG,0.0,1.0,cpu
1676288779945,sensor,rapl,18.099609375,0,RAPL_ENERGY_PKG,0.0,1.0,cpu
1676288779945,sensor,rapl,19.19915771484375,1,RAPL_ENERGY_PKG,0.0,1.0,cpu
1676288780449,sensor,rapl,19.19854736328125,0,RAPL_ENERGY_PKG,0.0,1.0,cpu
1676288780449,sensor,rapl,17.453125,1,RAPL_ENERGY_PKG,0.0,1.0,cpu
1676288780952,sensor,rapl,19.39788818359375,0,RAPL_ENERGY_PKG,0.0,1.0,cpu
1676288780952,sensor,rapl,17.56817626953125,1,RAPL_ENERGY_PKG,0.0,1.0,cpu
1676288781456,sensor,rapl,18.35784912109375,0,RAPL_ENERGY_PKG,0.0,1.0,cpu
1676288781456,sensor,rapl,18.739013671875,1,RAPL_ENERGY_PKG,0.0,1.0,cpu
1676288781959,sensor,rapl,17.9864501953125,0,RAPL_ENERGY_PKG,0.0,1.0,cpu
1676288781959,sensor,rapl,19.9300537109375,1,RAPL_ENERGY_PKG,0.0,1.0,cpu
1676288782462,sensor,rapl,17.99969482421875,0,RAPL_ENERGY_PKG,0.0,1.0,cpu
1676288782462,sensor,rapl,19.20135498046875,1,RAPL_ENERGY_PKG,0.0,1.0,cpu
1676288782967,sensor,rapl,18.1141357421875,0,RAPL_ENERGY_PKG,0.0,1.0,cpu
1676288782967,sensor,rapl,19.129638671875,1,RAPL_ENERGY_PKG,0.0,1.0,cpu
1676288783472,sensor,rapl,18.49298095703125,0,RAPL_ENERGY_PKG,0.0,1.0,cpu
1676288783472,sensor,rapl,18.8349609375,1,RAPL_ENERGY_PKG,0.0,1.0,cpu
1676288783976,sensor,rapl,18.3741455078125,0,RAPL_ENERGY_PKG,0.0,1.0,cpu
1676288783976,sensor,rapl,18.66949462890625,1,RAPL_ENERGY_PKG,0.0,1.0,cpu
1676288784480,sensor,rapl,17.66650390625,0,RAPL_ENERGY_PKG,0.0,1.0,cpu
1676288784480,sensor,rapl,18.87286376953125,1,RAPL_ENERGY_PKG,0.0,1.0,cpu
1676288784983,sensor,rapl,17.552001953125,0,RAPL_ENERGY_PKG,0.0,1.0,cpu
1676288784983,sensor,rapl,20.769287109375,1,RAPL_ENERGY_PKG,0.0,1.0,cpu
1676288785487,sensor,rapl,17.831787109375,0,RAPL_ENERGY_PKG,0.0,1.0,cpu
1676288785487,sensor,rapl,21.048583984375,1,RAPL_ENERGY_PKG,0.0,1.0,cpu
1676288785991,sensor,rapl,18.43011474609375,0,RAPL_ENERGY_PKG,0.0,1.0,cpu
1676288785991,sensor,rapl,19.3333740234375,1,RAPL_ENERGY_PKG,0.0,1.0,cpu
1676288786496,sensor,rapl,18.47283935546875,0,RAPL_ENERGY_PKG,0.0,1.0,cpu
1676288786496,sensor,rapl,18.9122314453125,1,RAPL_ENERGY_PKG,0.0,1.0,cpu
1676288787001,sensor,rapl,18.506591796875,0,RAPL_ENERGY_PKG,0.0,1.0,cpu
1676288787001,sensor,rapl,18.7618408203125,1,RAPL_ENERGY_PKG,0.0,1.0,cpu
1676288787505,sensor,rapl,18.9161376953125,0,RAPL_ENERGY_PKG,0.0,1.0,cpu
1676288787505,sensor,rapl,18.88189697265625,1,RAPL_ENERGY_PKG,0.0,1.0,cpu
1676288788009,sensor,rapl,18.8541259765625,0,RAPL_ENERGY_PKG,0.0,1.0,cpu
1676288788009,sensor,rapl,17.4290771484375,1,RAPL_ENERGY_PKG,0.0,1.0,cpu
1676288788512,sensor,rapl,19.17437744140625,0,RAPL_ENERGY_PKG,0.0,1.0,cpu
1676288788512,sensor,rapl,18.0865478515625,1,RAPL_ENERGY_PKG,0.0,1.0,cpu
1676288789015,sensor,rapl,19.0269775390625,0,RAPL_ENERGY_PKG,0.0,1.0,cpu
1676288789015,sensor,rapl,18.32080078125,1,RAPL_ENERGY_PKG,0.0,1.0,cpu
1676288789518,sensor,rapl,18.46063232421875,0,RAPL_ENERGY_PKG,0.0,1.0,cpu
1676288789518,sensor,rapl,19.55023193359375,1,RAPL_ENERGY_PKG,0.0,1.0,cpu
1676288790021,sensor,rapl,18.1937255859375,0,RAPL_ENERGY_PKG,0.0,1.0,cpu
1676288790021,sensor,rapl,19.5479736328125,1,RAPL_ENERGY_PKG,0.0,1.0,cpu
1676288790526,sensor,rapl,18.8699951171875,0,RAPL_ENERGY_PKG,0.0,1.0,cpu
1676288790526,sensor,rapl,19.28472900390625,1,RAPL_ENERGY_PKG,0.0,1.0,cpu
1676288791031,sensor,rapl,18.8572998046875,0,RAPL_ENERGY_PKG,0.0,1.0,cpu
1676288791031,sensor,rapl,18.43084716796875,1,RAPL_ENERGY_PKG,0.0,1.0,cpu
1676288791536,sensor,rapl,17.9755859375,0,RAPL_ENERGY_PKG,0.0,1.0,cpu
1676288791536,sensor,rapl,18.23846435546875,1,RAPL_ENERGY_PKG,0.0,1.0,cpu
1676288792040,sensor,rapl,18.04168701171875,0,RAPL_ENERGY_PKG,0.0,1.0,cpu
1676288792040,sensor,rapl,18.73895263671875,1,RAPL_ENERGY_PKG,0.0,1.0,cpu
1676288792545,sensor,rapl,17.8865966796875,0,RAPL_ENERGY_PKG,0.0,1.0,cpu
1676288792545,sensor,rapl,19.48577880859375,1,RAPL_ENERGY_PKG,0.0,1.0,cpu
1676288793048,sensor,rapl,19.60955810546875,0,RAPL_ENERGY_PKG,0.0,1.0,cpu
1676288793048,sensor,rapl,17.21337890625,1,RAPL_ENERGY_PKG,0.0,1.0,cpu
1676288793554,sensor,rapl,20.118896484375,0,RAPL_ENERGY_PKG,0.0,1.0,cpu
1676288793554,sensor,rapl,17.3199462890625,1,RAPL_ENERGY_PKG,0.0,1.0,cpu
1676288794059,sensor,rapl,17.7760009765625,0,RAPL_ENERGY_PKG,0.0,1.0,cpu
1676288794059,sensor,rapl,18.7437744140625,1,RAPL_ENERGY_PKG,0.0,1.0,cpu
1676288794565,sensor,rapl,17.52288818359375,0,RAPL_ENERGY_PKG,0.0,1.0,cpu
1676288794565,sensor,rapl,19.097900390625,1,RAPL_ENERGY_PKG,0.0,1.0,cpu
1676288795068,sensor,rapl,19.1053466796875,0,RAPL_ENERGY_PKG,0.0,1.0,cpu
1676288795068,sensor,rapl,17.939697265625,1,RAPL_ENERGY_PKG,0.0,1.0,cpu
1676288795571,sensor,rapl,19.49310302734375,0,RAPL_ENERGY_PKG,0.0,1.0,cpu
1676288795571,sensor,rapl,17.46746826171875,1,RAPL_ENERGY_PKG,0.0,1.0,cpu
1676288796086,sensor,rapl,19.1072998046875,0,RAPL_ENERGY_PKG,0.0,1.0,cpu
1676288796086,sensor,rapl,18.8988037109375,1,RAPL_ENERGY_PKG,0.0,1.0,cpu
1676288796590,sensor,rapl,18.65545654296875,0,RAPL_ENERGY_PKG,0.0,1.0,cpu
1676288796590,sensor,rapl,19.647705078125,1,RAPL_ENERGY_PKG,0.0,1.0,cpu
1676288797094,sensor,rapl,18.9051513671875,0,RAPL_ENERGY_PKG,0.0,1.0,cpu
1676288797094,sensor,rapl,19.94354248046875,1,RAPL_ENERGY_PKG,0.0,1.0,cpu
1676288797597,sensor,rapl,19.698486328125,0,RAPL_ENERGY_PKG,0.0,1.0,cpu
1676288797597,sensor,rapl,19.39886474609375,1,RAPL_ENERGY_PKG,0.0,1.0,cpu
1676288798100,sensor,rapl,18.97296142578125,0,RAPL_ENERGY_PKG,0.0,1.0,cpu
1676288798100,sensor,rapl,18.8045654296875,1,RAPL_ENERGY_PKG,0.0,1.0,cpu
1676288798604,sensor,rapl,18.39306640625,0,RAPL_ENERGY_PKG,0.0,1.0,cpu
1676288798604,sensor,rapl,18.84478759765625,1,RAPL_ENERGY_PKG,0.0,1.0,cpu
1676288799108,sensor,rapl,19.03118896484375,0,RAPL_ENERGY_PKG,0.0,1.0,cpu
1676288799108,sensor,rapl,18.08355712890625,1,RAPL_ENERGY_PKG,0.0,1.0,cpu
1676288799612,sensor,rapl,18.083251953125,0,RAPL_ENERGY_PKG,0.0,1.0,cpu
1676288799612,sensor,rapl,19.21002197265625,1,RAPL_ENERGY_PKG,0.0,1.0,cpu
1676288800116,sensor,rapl,18.4739990234375,0,RAPL_ENERGY_PKG,0.0,1.0,cpu
1676288800116,sensor,rapl,18.44873046875,1,RAPL_ENERGY_PKG,0.0,1.0,cpu
1676288800620,sensor,rapl,16.42254638671875,0,RAPL_ENERGY_PKG,0.0,1.0,cpu
1676288800620,sensor,rapl,19.7984619140625,1,RAPL_ENERGY_PKG,0.0,1.0,cpu
1676288801124,sensor,rapl,17.48748779296875,0,RAPL_ENERGY_PKG,0.0,1.0,cpu
1676288801124,sensor,rapl,17.822021484375,1,RAPL_ENERGY_PKG,0.0,1.0,cpu
1676288801627,sensor,rapl,18.098388671875,0,RAPL_ENERGY_PKG,0.0,1.0,cpu
1676288801627,sensor,rapl,19.39691162109375,1,RAPL_ENERGY_PKG,0.0,1.0,cpu
1676288802140,sensor,rapl,17.011962890625,0,RAPL_ENERGY_PKG,0.0,1.0,cpu
1676288802140,sensor,rapl,19.41131591796875,1,RAPL_ENERGY_PKG,0.0,1.0,cpu
1676288802646,sensor,rapl,16.5897216796875,0,RAPL_ENERGY_PKG,0.0,1.0,cpu
1676288802646,sensor,rapl,20.33795166015625,1,RAPL_ENERGY_PKG,0.0,1.0,cpu
1676288803151,sensor,rapl,18.70367431640625,0,RAPL_ENERGY_PKG,0.0,1.0,cpu
1676288803151,sensor,rapl,18.29632568359375,1,RAPL_ENERGY_PKG,0.0,1.0,cpu
1676288803656,sensor,rapl,18.673095703125,0,RAPL_ENERGY_PKG,0.0,1.0,cpu
1676288803656,sensor,rapl,18.07208251953125,1,RAPL_ENERGY_PKG,0.0,1.0,cpu
1676288804161,sensor,rapl,18.14105224609375,0,RAPL_ENERGY_PKG,0.0,1.0,cpu
1676288804161,sensor,rapl,18.5699462890625,1,RAPL_ENERGY_PKG,0.0,1.0,cpu
1676288804664,sensor,rapl,18.01788330078125,0,RAPL_ENERGY_PKG,0.0,1.0,cpu
1676288804664,sensor,rapl,18.63287353515625,1,RAPL_ENERGY_PKG,0.0,1.0,cpu
1676288805169,sensor,rapl,17.8363037109375,0,RAPL_ENERGY_PKG,0.0,1.0,cpu
1676288805169,sensor,rapl,19.268310546875,1,RAPL_ENERGY_PKG,0.0,1.0,cpu
1676288805674,sensor,rapl,18.8260498046875,0,RAPL_ENERGY_PKG,0.0,1.0,cpu
1676288805674,sensor,rapl,18.81982421875,1,RAPL_ENERGY_PKG,0.0,1.0,cpu
1676288806177,sensor,rapl,18.6820068359375,0,RAPL_ENERGY_PKG,0.0,1.0,cpu
1676288806177,sensor,rapl,18.3001708984375,1,RAPL_ENERGY_PKG,0.0,1.0,cpu
1676288806682,sensor,rapl,18.93414306640625,0,RAPL_ENERGY_PKG,0.0,1.0,cpu
1676288806682,sensor,rapl,18.374755859375,1,RAPL_ENERGY_PKG,0.0,1.0,cpu
1676288807186,sensor,rapl,19.2298583984375,0,RAPL_ENERGY_PKG,0.0,1.0,cpu
1676288807186,sensor,rapl,17.9622802734375,1,RAPL_ENERGY_PKG,0.0,1.0,cpu
1676288807701,sensor,rapl,18.2193603515625,0,RAPL_ENERGY_PKG,0.0,1.0,cpu
1676288807701,sensor,rapl,19.3983154296875,1,RAPL_ENERGY_PKG,0.0,1.0,cpu
1676288808207,sensor,rapl,17.70111083984375,0,RAPL_ENERGY_PKG,0.0,1.0,cpu
1676288808207,sensor,rapl,18.93096923828125,1,RAPL_ENERGY_PKG,0.0,1.0,cpu
1676288808710,sensor,rapl,18.08013916015625,0,RAPL_ENERGY_PKG,0.0,1.0,cpu
1676288808710,sensor,rapl,18.85345458984375,1,RAPL_ENERGY_PKG,0.0,1.0,cpu
1676288809214,sensor,rapl,19.4423828125,0,RAPL_ENERGY_PKG,0.0,1.0,cpu
1676288809214,sensor,rapl,18.9930419921875,1,RAPL_ENERGY_PKG,0.0,1.0,cpu
1676288809719,sensor,rapl,19.0718994140625,0,RAPL_ENERGY_PKG,0.0,1.0,cpu
1676288809719,sensor,rapl,19.92266845703125,1,RAPL_ENERGY_PKG,0.0,1.0,cpu
1676288810224,sensor,rapl,19.2420654296875,0,RAPL_ENERGY_PKG,0.0,1.0,cpu
1676288810224,sensor,rapl,19.73895263671875,1,RAPL_ENERGY_PKG,0.0,1.0,cpu
1676288810728,sensor,rapl,18.6220703125,0,RAPL_ENERGY_PKG,0.0,1.0,cpu
1676288810728,sensor,rapl,18.5478515625,1,RAPL_ENERGY_PKG,0.0,1.0,cpu
1676288811232,sensor,rapl,18.46746826171875,0,RAPL_ENERGY_PKG,0.0,1.0,cpu
1676288811232,sensor,rapl,18.25128173828125,1,RAPL_ENERGY_PKG,0.0,1.0,cpu
1676288811737,sensor,rapl,19.922607421875,0,RAPL_ENERGY_PKG,0.0,1.0,cpu
1676288811737,sensor,rapl,17.436279296875,1,RAPL_ENERGY_PKG,0.0,1.0,cpu
1676288812242,sensor,rapl,19.0628662109375,0,RAPL_ENERGY_PKG,0.0,1.0,cpu
1676288812242,sensor,rapl,18.12213134765625,1,RAPL_ENERGY_PKG,0.0,1.0,cpu
1676288812748,sensor,rapl,19.13970947265625,0,RAPL_ENERGY_PKG,0.0,1.0,cpu
1676288812748,sensor,rapl,18.49530029296875,1,RAPL_ENERGY_PKG,0.0,1.0,cpu
1676288813252,sensor,rapl,19.232421875,0,RAPL_ENERGY_PKG,0.0,1.0,cpu
1676288813252,sensor,rapl,17.95989990234375,1,RAPL_ENERGY_PKG,0.0,1.0,cpu
1676288813757,sensor,rapl,19.7093505859375,0,RAPL_ENERGY_PKG,0.0,1.0,cpu
1676288813757,sensor,rapl,17.38153076171875,1,RAPL_ENERGY_PKG,0.0,1.0,cpu
1676288814262,sensor,rapl,19.86505126953125,0,RAPL_ENERGY_PKG,0.0,1.0,cpu
1676288814262,sensor,rapl,17.42083740234375,1,RAPL_ENERGY_PKG,0.0,1.0,cpu
1676288814768,sensor,rapl,19.76025390625,0,RAPL_ENERGY_PKG,0.0,1.0,cpu
1676288814768,sensor,rapl,17.66522216796875,1,RAPL_ENERGY_PKG,0.0,1.0,cpu
1676288815274,sensor,rapl,19.80743408203125,0,RAPL_ENERGY_PKG,0.0,1.0,cpu
1676288815274,sensor,rapl,16.55230712890625,1,RAPL_ENERGY_PKG,0.0,1.0,cpu
1676288815780,sensor,rapl,18.00384521484375,0,RAPL_ENERGY_PKG,0.0,1.0,cpu
1676288815780,sensor,rapl,15.529541015625,1,RAPL_ENERGY_PKG,0.0,1.0,cpu
1676288816286,sensor,rapl,19.6805419921875,0,RAPL_ENERGY_PKG,0.0,1.0,cpu
1676288816286,sensor,rapl,17.3494873046875,1,RAPL_ENERGY_PKG,0.0,1.0,cpu
1676288816792,sensor,rapl,19.68011474609375,0,RAPL_ENERGY_PKG,0.0,1.0,cpu
1676288816792,sensor,rapl,17.335693359375,1,RAPL_ENERGY_PKG,0.0,1.0,cpu
1676288817298,sensor,rapl,19.81207275390625,0,RAPL_ENERGY_PKG,0.0,1.0,cpu
1676288817298,sensor,rapl,17.21636962890625,1,RAPL_ENERGY_PKG,0.0,1.0,cpu
1676288817802,sensor,rapl,19.7625732421875,0,RAPL_ENERGY_PKG,0.0,1.0,cpu
1676288817802,sensor,rapl,18.1116943359375,1,RAPL_ENERGY_PKG,0.0,1.0,cpu
1676288818305,sensor,rapl,19.30145263671875,0,RAPL_ENERGY_PKG,0.0,1.0,cpu
1676288818305,sensor,rapl,18.93231201171875,1,RAPL_ENERGY_PKG,0.0,1.0,cpu
1676288818812,sensor,rapl,18.58544921875,0,RAPL_ENERGY_PKG,0.0,1.0,cpu
1676288818812,sensor,rapl,18.3280029296875,1,RAPL_ENERGY_PKG,0.0,1.0,cpu
1676288819318,sensor,rapl,19.1292724609375,0,RAPL_ENERGY_PKG,0.0,1.0,cpu
1676288819318,sensor,rapl,18.02178955078125,1,RAPL_ENERGY_PKG,0.0,1.0,cpu
1676288819824,sensor,rapl,19.35064697265625,0,RAPL_ENERGY_PKG,0.0,1.0,cpu
1676288819824,sensor,rapl,17.33599853515625,1,RAPL_ENERGY_PKG,0.0,1.0,cpu
1676288820328,sensor,rapl,19.84100341796875,0,RAPL_ENERGY_PKG,0.0,1.0,cpu
1676288820328,sensor,rapl,17.80010986328125,1,RAPL_ENERGY_PKG,0.0,1.0,cpu
1676288820834,sensor,rapl,19.84747314453125,0,RAPL_ENERGY_PKG,0.0,1.0,cpu
1676288820834,sensor,rapl,17.4288330078125,1,RAPL_ENERGY_PKG,0.0,1.0,cpu
1676288821340,sensor,rapl,19.0880126953125,0,RAPL_ENERGY_PKG,0.0,1.0,cpu
1676288821340,sensor,rapl,18.97479248046875,1,RAPL_ENERGY_PKG,0.0,1.0,cpu
1676288821844,sensor,rapl,19.377197265625,0,RAPL_ENERGY_PKG,0.0,1.0,cpu
1676288821844,sensor,rapl,19.5645751953125,1,RAPL_ENERGY_PKG,0.0,1.0,cpu
1676288822349,sensor,rapl,19.18707275390625,0,RAPL_ENERGY_PKG,0.0,1.0,cpu
1676288822349,sensor,rapl,18.90765380859375,1,RAPL_ENERGY_PKG,0.0,1.0,cpu
1676288822857,sensor,rapl,19.41925048828125,0,RAPL_ENERGY_PKG,0.0,1.0,cpu
1676288822857,sensor,rapl,18.0855712890625,1,RAPL_ENERGY_PKG,0.0,1.0,cpu
1676288823363,sensor,rapl,19.4598388671875,0,RAPL_ENERGY_PKG,0.0,1.0,cpu
1676288823363,sensor,rapl,17.476806640625,1,RAPL_ENERGY_PKG,0.0,1.0,cpu
1676288823880,sensor,rapl,20.00640869140625,0,RAPL_ENERGY_PKG,0.0,1.0,cpu
1676288823880,sensor,rapl,18.46429443359375,1,RAPL_ENERGY_PKG,0.0,1.0,cpu
1676288824385,sensor,rapl,19.69110107421875,0,RAPL_ENERGY_PKG,0.0,1.0,cpu
1676288824385,sensor,rapl,18.1246337890625,1,RAPL_ENERGY_PKG,0.0,1.0,cpu
1676288824891,sensor,rapl,19.18505859375,0,RAPL_ENERGY_PKG,0.0,1.0,cpu
1676288824891,sensor,rapl,18.2772216796875,1,RAPL_ENERGY_PKG,0.0,1.0,cpu
1676288825396,sensor,rapl,17.70281982421875,0,RAPL_ENERGY_PKG,0.0,1.0,cpu
1676288825396,sensor,rapl,19.33453369140625,1,RAPL_ENERGY_PKG,0.0,1.0,cpu
1676288825900,sensor,rapl,17.68817138671875,0,RAPL_ENERGY_PKG,0.0,1.0,cpu
1676288825900,sensor,rapl,19.5953369140625,1,RAPL_ENERGY_PKG,0.0,1.0,cpu
1676288826405,sensor,rapl,18.95751953125,0,RAPL_ENERGY_PKG,0.0,1.0,cpu
1676288826405,sensor,rapl,18.28216552734375,1,RAPL_ENERGY_PKG,0.0,1.0,cpu
1676288826909,sensor,rapl,18.6522216796875,0,RAPL_ENERGY_PKG,0.0,1.0,cpu
1676288826909,sensor,rapl,18.8199462890625,1,RAPL_ENERGY_PKG,0.0,1.0,cpu
1676288827415,sensor,rapl,19.96270751953125,0,RAPL_ENERGY_PKG,0.0,1.0,cpu
1676288827415,sensor,rapl,18.06756591796875,1,RAPL_ENERGY_PKG,0.0,1.0,cpu
1676288827919,sensor,rapl,19.162841796875,0,RAPL_ENERGY_PKG,0.0,1.0,cpu
1676288827919,sensor,rapl,18.08245849609375,1,RAPL_ENERGY_PKG,0.0,1.0,cpu
1676288828423,sensor,rapl,19.22943115234375,0,RAPL_ENERGY_PKG,0.0,1.0,cpu
1676288828423,sensor,rapl,17.96575927734375,1,RAPL_ENERGY_PKG,0.0,1.0,cpu
1676288828929,sensor,rapl,19.17108154296875,0,RAPL_ENERGY_PKG,0.0,1.0,cpu
1676288828929,sensor,rapl,18.20806884765625,1,RAPL_ENERGY_PKG,0.0,1.0,cpu
1676288829433,sensor,rapl,19.66302490234375,0,RAPL_ENERGY_PKG,0.0,1.0,cpu
1676288829433,sensor,rapl,17.8272705078125,1,RAPL_ENERGY_PKG,0.0,1.0,cpu
1676288829950,sensor,rapl,20.086181640625,0,RAPL_ENERGY_PKG,0.0,1.0,cpu
1676288829950,sensor,rapl,17.3468017578125,1,RAPL_ENERGY_PKG,0.0,1.0,cpu
1676288830454,sensor,rapl,19.9736328125,0,RAPL_ENERGY_PKG,0.0,1.0,cpu
1676288830454,sensor,rapl,17.655029296875,1,RAPL_ENERGY_PKG,0.0,1.0,cpu
1676288830959,sensor,rapl,18.967041015625,0,RAPL_ENERGY_PKG,0.0,1.0,cpu
1676288830959,sensor,rapl,17.8319091796875,1,RAPL_ENERGY_PKG,0.0,1.0,cpu
1676288831462,sensor,rapl,19.873291015625,0,RAPL_ENERGY_PKG,0.0,1.0,cpu
1676288831462,sensor,rapl,18.15240478515625,1,RAPL_ENERGY_PKG,0.0,1.0,cpu
1676288831967,sensor,rapl,19.24542236328125,0,RAPL_ENERGY_PKG,0.0,1.0,cpu
1676288831967,sensor,rapl,18.23602294921875,1,RAPL_ENERGY_PKG,0.0,1.0,cpu
1676288832471,sensor,rapl,18.97088623046875,0,RAPL_ENERGY_PKG,0.0,1.0,cpu
1676288832471,sensor,rapl,18.4888916015625,1,RAPL_ENERGY_PKG,0.0,1.0,cpu
1676288832976,sensor,rapl,18.76019287109375,0,RAPL_ENERGY_PKG,0.0,1.0,cpu
1676288832976,sensor,rapl,18.72894287109375,1,RAPL_ENERGY_PKG,0.0,1.0,cpu
1676288833482,sensor,rapl,19.4989013671875,0,RAPL_ENERGY_PKG,0.0,1.0,cpu
1676288833482,sensor,rapl,18.281494140625,1,RAPL_ENERGY_PKG,0.0,1.0,cpu
1676288833988,sensor,rapl,18.74822998046875,0,RAPL_ENERGY_PKG,0.0,1.0,cpu
1676288833988,sensor,rapl,18.5145263671875,1,RAPL_ENERGY_PKG,0.0,1.0,cpu
1676288834493,sensor,rapl,19.2510986328125,0,RAPL_ENERGY_PKG,0.0,1.0,cpu
1676288834493,sensor,rapl,19.93670654296875,1,RAPL_ENERGY_PKG,0.0,1.0,cpu
1676288834998,sensor,rapl,19.3795166015625,0,RAPL_ENERGY_PKG,0.0,1.0,cpu
1676288834998,sensor,rapl,19.01019287109375,1,RAPL_ENERGY_PKG,0.0,1.0,cpu
1676288835502,sensor,rapl,19.52587890625,0,RAPL_ENERGY_PKG,0.0,1.0,cpu
1676288835502,sensor,rapl,18.682861328125,1,RAPL_ENERGY_PKG,0.0,1.0,cpu
1676288836007,sensor,rapl,19.14654541015625,0,RAPL_ENERGY_PKG,0.0,1.0,cpu
1676288836007,sensor,rapl,18.4158935546875,1,RAPL_ENERGY_PKG,0.0,1.0,cpu
1676288836511,sensor,rapl,19.024658203125,0,RAPL_ENERGY_PKG,0.0,1.0,cpu
1676288836511,sensor,rapl,18.72393798828125,1,RAPL_ENERGY_PKG,0.0,1.0,cpu
1676288837013,sensor,rapl,19.19573974609375,0,RAPL_ENERGY_PKG,0.0,1.0,cpu
1676288837013,sensor,rapl,17.5087890625,1,RAPL_ENERGY_PKG,0.0,1.0,cpu
1676288837518,sensor,rapl,19.53302001953125,0,RAPL_ENERGY_PKG,0.0,1.0,cpu
1676288837518,sensor,rapl,17.00482177734375,1,RAPL_ENERGY_PKG,0.0,1.0,cpu
1676288838021,sensor,rapl,19.33197021484375,0,RAPL_ENERGY_PKG,0.0,1.0,cpu
1676288838021,sensor,rapl,17.99261474609375,1,RAPL_ENERGY_PKG,0.0,1.0,cpu
1676288838524,sensor,rapl,18.4605712890625,0,RAPL_ENERGY_PKG,0.0,1.0,cpu
1676288838524,sensor,rapl,18.50531005859375,1,RAPL_ENERGY_PKG,0.0,1.0,cpu
1676288839030,sensor,rapl,18.39520263671875,0,RAPL_ENERGY_PKG,0.0,1.0,cpu
1676288839030,sensor,rapl,18.7884521484375,1,RAPL_ENERGY_PKG,0.0,1.0,cpu
1676288839533,sensor,rapl,19.206787109375,0,RAPL_ENERGY_PKG,0.0,1.0,cpu
1676288839533,sensor,rapl,17.720703125,1,RAPL_ENERGY_PKG,0.0,1.0,cpu
1676288840036,sensor,rapl,19.33441162109375,0,RAPL_ENERGY_PKG,0.0,1.0,cpu
1676288840036,sensor,rapl,17.3671875,1,RAPL_ENERGY_PKG,0.0,1.0,cpu
1676288840541,sensor,rapl,19.5869140625,0,RAPL_ENERGY_PKG,0.0,1.0,cpu
1676288840541,sensor,rapl,17.76702880859375,1,RAPL_ENERGY_PKG,0.0,1.0,cpu
1676288841044,sensor,rapl,19.544921875,0,RAPL_ENERGY_PKG,0.0,1.0,cpu
1676288841044,sensor,rapl,17.684814453125,1,RAPL_ENERGY_PKG,0.0,1.0,cpu
1676288841555,sensor,rapl,18.918701171875,0,RAPL_ENERGY_PKG,0.0,1.0,cpu
1676288841555,sensor,rapl,17.43988037109375,1,RAPL_ENERGY_PKG,0.0,1.0,cpu
1676288842061,sensor,rapl,18.54559326171875,0,RAPL_ENERGY_PKG,0.0,1.0,cpu
1676288842061,sensor,rapl,18.824462890625,1,RAPL_ENERGY_PKG,0.0,1.0,cpu
1676288842564,sensor,rapl,18.3043212890625,0,RAPL_ENERGY_PKG,0.0,1.0,cpu
1676288842564,sensor,rapl,18.40643310546875,1,RAPL_ENERGY_PKG,0.0,1.0,cpu
1676288843067,sensor,rapl,18.3656005859375,0,RAPL_ENERGY_PKG,0.0,1.0,cpu
1676288843067,sensor,rapl,18.94683837890625,1,RAPL_ENERGY_PKG,0.0,1.0,cpu
1676288843571,sensor,rapl,18.1697998046875,0,RAPL_ENERGY_PKG,0.0,1.0,cpu
1676288843571,sensor,rapl,18.4110107421875,1,RAPL_ENERGY_PKG,0.0,1.0,cpu
1676288844077,sensor,rapl,18.7049560546875,0,RAPL_ENERGY_PKG,0.0,1.0,cpu
1676288844077,sensor,rapl,18.73065185546875,1,RAPL_ENERGY_PKG,0.0,1.0,cpu
1676288844580,sensor,rapl,18.91619873046875,0,RAPL_ENERGY_PKG,0.0,1.0,cpu
1676288844580,sensor,rapl,18.07476806640625,1,RAPL_ENERGY_PKG,0.0,1.0,cpu
1676288845083,sensor,rapl,18.37310791015625,0,RAPL_ENERGY_PKG,0.0,1.0,cpu
1676288845083,sensor,rapl,17.60638427734375,1,RAPL_ENERGY_PKG,0.0,1.0,cpu
1676288845587,sensor,rapl,18.78564453125,0,RAPL_ENERGY_PKG,0.0,1.0,cpu
1676288845587,sensor,rapl,18.76202392578125,1,RAPL_ENERGY_PKG,0.0,1.0,cpu
1676288846090,sensor,rapl,19.04522705078125,0,RAPL_ENERGY_PKG,0.0,1.0,cpu
1676288846090,sensor,rapl,19.46295166015625,1,RAPL_ENERGY_PKG,0.0,1.0,cpu
1676288846593,sensor,rapl,19.65460205078125,0,RAPL_ENERGY_PKG,0.0,1.0,cpu
1676288846593,sensor,rapl,19.82684326171875,1,RAPL_ENERGY_PKG,0.0,1.0,cpu
1676288847097,sensor,rapl,18.24090576171875,0,RAPL_ENERGY_PKG,0.0,1.0,cpu
1676288847097,sensor,rapl,20.12640380859375,1,RAPL_ENERGY_PKG,0.0,1.0,cpu
1676288847614,sensor,rapl,19.02288818359375,0,RAPL_ENERGY_PKG,0.0,1.0,cpu
1676288847614,sensor,rapl,19.3765869140625,1,RAPL_ENERGY_PKG,0.0,1.0,cpu
1676288848120,sensor,rapl,19.2320556640625,0,RAPL_ENERGY_PKG,0.0,1.0,cpu
1676288848120,sensor,rapl,18.84759521484375,1,RAPL_ENERGY_PKG,0.0,1.0,cpu
1676288848624,sensor,rapl,18.53533935546875,0,RAPL_ENERGY_PKG,0.0,1.0,cpu
1676288848624,sensor,rapl,18.51971435546875,1,RAPL_ENERGY_PKG,0.0,1.0,cpu
1676288849127,sensor,rapl,19.3201904296875,0,RAPL_ENERGY_PKG,0.0,1.0,cpu
1676288849127,sensor,rapl,18.515380859375,1,RAPL_ENERGY_PKG,0.0,1.0,cpu
1676288849630,sensor,rapl,18.4827880859375,0,RAPL_ENERGY_PKG,0.0,1.0,cpu
1676288849630,sensor,rapl,18.1068115234375,1,RAPL_ENERGY_PKG,0.0,1.0,cpu
1676288850134,sensor,rapl,18.81085205078125,0,RAPL_ENERGY_PKG,0.0,1.0,cpu
1676288850134,sensor,rapl,17.25262451171875,1,RAPL_ENERGY_PKG,0.0,1.0,cpu
1676288850640,sensor,rapl,19.06292724609375,0,RAPL_ENERGY_PKG,0.0,1.0,cpu
1676288850640,sensor,rapl,18.06219482421875,1,RAPL_ENERGY_PKG,0.0,1.0,cpu
1676288851146,sensor,rapl,18.72503662109375,0,RAPL_ENERGY_PKG,0.0,1.0,cpu
1676288851146,sensor,rapl,18.55401611328125,1,RAPL_ENERGY_PKG,0.0,1.0,cpu
1676288851651,sensor,rapl,17.3310546875,0,RAPL_ENERGY_PKG,0.0,1.0,cpu
1676288851651,sensor,rapl,19.59588623046875,1,RAPL_ENERGY_PKG,0.0,1.0,cpu
1676288852157,sensor,rapl,18.350830078125,0,RAPL_ENERGY_PKG,0.0,1.0,cpu
1676288852157,sensor,rapl,18.62286376953125,1,RAPL_ENERGY_PKG,0.0,1.0,cpu
1676288852662,sensor,rapl,19.10809326171875,0,RAPL_ENERGY_PKG,0.0,1.0,cpu
1676288852662,sensor,rapl,18.93194580078125,1,RAPL_ENERGY_PKG,0.0,1.0,cpu
1676288853167,sensor,rapl,18.22247314453125,0,RAPL_ENERGY_PKG,0.0,1.0,cpu
1676288853167,sensor,rapl,19.05126953125,1,RAPL_ENERGY_PKG,0.0,1.0,cpu
1676288853684,sensor,rapl,18.4556884765625,0,RAPL_ENERGY_PKG,0.0,1.0,cpu
1676288853684,sensor,rapl,19.34210205078125,1,RAPL_ENERGY_PKG,0.0,1.0,cpu
1676288854187,sensor,rapl,18.92486572265625,0,RAPL_ENERGY_PKG,0.0,1.0,cpu
1676288854187,sensor,rapl,18.2857666015625,1,RAPL_ENERGY_PKG,0.0,1.0,cpu
1676288854691,sensor,rapl,19.5341796875,0,RAPL_ENERGY_PKG,0.0,1.0,cpu
1676288854691,sensor,rapl,18.27886962890625,1,RAPL_ENERGY_PKG,0.0,1.0,cpu
1676288855193,sensor,rapl,19.0653076171875,0,RAPL_ENERGY_PKG,0.0,1.0,cpu
1676288855193,sensor,rapl,18.79656982421875,1,RAPL_ENERGY_PKG,0.0,1.0,cpu
1676288855698,sensor,rapl,18.45953369140625,0,RAPL_ENERGY_PKG,0.0,1.0,cpu
1676288855698,sensor,rapl,18.46026611328125,1,RAPL_ENERGY_PKG,0.0,1.0,cpu
1676288856202,sensor,rapl,18.95050048828125,0,RAPL_ENERGY_PKG,0.0,1.0,cpu
1676288856202,sensor,rapl,15.87322998046875,1,RAPL_ENERGY_PKG,0.0,1.0,cpu
1676288856705,sensor,rapl,19.5726318359375,0,RAPL_ENERGY_PKG,0.0,1.0,cpu
1676288856705,sensor,rapl,17.58978271484375,1,RAPL_ENERGY_PKG,0.0,1.0,cpu
1676288857208,sensor,rapl,18.72259521484375,0,RAPL_ENERGY_PKG,0.0,1.0,cpu
1676288857208,sensor,rapl,18.31640625,1,RAPL_ENERGY_PKG,0.0,1.0,cpu
1676288857711,sensor,rapl,19.072509765625,0,RAPL_ENERGY_PKG,0.0,1.0,cpu
1676288857711,sensor,rapl,18.724609375,1,RAPL_ENERGY_PKG,0.0,1.0,cpu
1676288858215,sensor,rapl,19.46099853515625,0,RAPL_ENERGY_PKG,0.0,1.0,cpu
1676288858215,sensor,rapl,18.61993408203125,1,RAPL_ENERGY_PKG,0.0,1.0,cpu
1676288858719,sensor,rapl,19.42034912109375,0,RAPL_ENERGY_PKG,0.0,1.0,cpu
1676288858719,sensor,rapl,19.65325927734375,1,RAPL_ENERGY_PKG,0.0,1.0,cpu
1676288859236,sensor,rapl,19.1859130859375,0,RAPL_ENERGY_PKG,0.0,1.0,cpu
1676288859236,sensor,rapl,20.4803466796875,1,RAPL_ENERGY_PKG,0.0,1.0,cpu
1676288859742,sensor,rapl,19.09161376953125,0,RAPL_ENERGY_PKG,0.0,1.0,cpu
1676288859742,sensor,rapl,18.17620849609375,1,RAPL_ENERGY_PKG,0.0,1.0,cpu
1676288860245,sensor,rapl,18.82440185546875,0,RAPL_ENERGY_PKG,0.0,1.0,cpu
1676288860245,sensor,rapl,18.67864990234375,1,RAPL_ENERGY_PKG,0.0,1.0,cpu
1676288860748,sensor,rapl,19.4927978515625,0,RAPL_ENERGY_PKG,0.0,1.0,cpu
1676288860748,sensor,rapl,18.28448486328125,1,RAPL_ENERGY_PKG,0.0,1.0,cpu
1676288861251,sensor,rapl,18.3797607421875,0,RAPL_ENERGY_PKG,0.0,1.0,cpu
1676288861251,sensor,rapl,18.60455322265625,1,RAPL_ENERGY_PKG,0.0,1.0,cpu
1676288861756,sensor,rapl,18.1890869140625,0,RAPL_ENERGY_PKG,0.0,1.0,cpu
1676288861756,sensor,rapl,19.1705322265625,1,RAPL_ENERGY_PKG,0.0,1.0,cpu
1676288862262,sensor,rapl,19.20745849609375,0,RAPL_ENERGY_PKG,0.0,1.0,cpu
1676288862262,sensor,rapl,18.5172119140625,1,RAPL_ENERGY_PKG,0.0,1.0,cpu
1676288862767,sensor,rapl,19.29931640625,0,RAPL_ENERGY_PKG,0.0,1.0,cpu
1676288862767,sensor,rapl,18.62933349609375,1,RAPL_ENERGY_PKG,0.0,1.0,cpu
1676288863273,sensor,rapl,19.28424072265625,0,RAPL_ENERGY_PKG,0.0,1.0,cpu
1676288863273,sensor,rapl,17.66552734375,1,RAPL_ENERGY_PKG,0.0,1.0,cpu
1676288863777,sensor,rapl,18.05072021484375,0,RAPL_ENERGY_PKG,0.0,1.0,cpu
1676288863777,sensor,rapl,19.25439453125,1,RAPL_ENERGY_PKG,0.0,1.0,cpu
1676288864280,sensor,rapl,18.496826171875,0,RAPL_ENERGY_PKG,0.0,1.0,cpu
1676288864280,sensor,rapl,18.84637451171875,1,RAPL_ENERGY_PKG,0.0,1.0,cpu
1676288864785,sensor,rapl,18.18865966796875,0,RAPL_ENERGY_PKG,0.0,1.0,cpu
1676288864785,sensor,rapl,19.2110595703125,1,RAPL_ENERGY_PKG,0.0,1.0,cpu
1676288865290,sensor,rapl,18.35357666015625,0,RAPL_ENERGY_PKG,0.0,1.0,cpu
1676288865290,sensor,rapl,19.55078125,1,RAPL_ENERGY_PKG,0.0,1.0,cpu
1676288865793,sensor,rapl,18.7288818359375,0,RAPL_ENERGY_PKG,0.0,1.0,cpu
1676288865793,sensor,rapl,18.296630859375,1,RAPL_ENERGY_PKG,0.0,1.0,cpu
1676288866299,sensor,rapl,19.3978271484375,0,RAPL_ENERGY_PKG,0.0,1.0,cpu
1676288866299,sensor,rapl,18.2642822265625,1,RAPL_ENERGY_PKG,0.0,1.0,cpu
1676288866804,sensor,rapl,18.87408447265625,0,RAPL_ENERGY_PKG,0.0,1.0,cpu
1676288866804,sensor,rapl,18.4739990234375,1,RAPL_ENERGY_PKG,0.0,1.0,cpu
1676288867307,sensor,rapl,18.8714599609375,0,RAPL_ENERGY_PKG,0.0,1.0,cpu
1676288867307,sensor,rapl,19.1043701171875,1,RAPL_ENERGY_PKG,0.0,1.0,cpu
1676288867810,sensor,rapl,19.95245361328125,0,RAPL_ENERGY_PKG,0.0,1.0,cpu
1676288867810,sensor,rapl,17.64910888671875,1,RAPL_ENERGY_PKG,0.0,1.0,cpu
1676288868313,sensor,rapl,18.556884765625,0,RAPL_ENERGY_PKG,0.0,1.0,cpu
1676288868313,sensor,rapl,19.16510009765625,1,RAPL_ENERGY_PKG,0.0,1.0,cpu
1676288868818,sensor,rapl,19.19921875,0,RAPL_ENERGY_PKG,0.0,1.0,cpu
1676288868818,sensor,rapl,19.030029296875,1,RAPL_ENERGY_PKG,0.0,1.0,cpu
1676288869321,sensor,rapl,18.977783203125,0,RAPL_ENERGY_PKG,0.0,1.0,cpu
1676288869321,sensor,rapl,18.52081298828125,1,RAPL_ENERGY_PKG,0.0,1.0,cpu
1676288869824,sensor,rapl,19.76629638671875,0,RAPL_ENERGY_PKG,0.0,1.0,cpu
1676288869824,sensor,rapl,18.62420654296875,1,RAPL_ENERGY_PKG,0.0,1.0,cpu
1676288870328,sensor,rapl,19.3197021484375,0,RAPL_ENERGY_PKG,0.0,1.0,cpu
1676288870328,sensor,rapl,18.19049072265625,1,RAPL_ENERGY_PKG,0.0,1.0,cpu
1676288870845,sensor,rapl,20.38836669921875,0,RAPL_ENERGY_PKG,0.0,1.0,cpu
1676288870845,sensor,rapl,19.45013427734375,1,RAPL_ENERGY_PKG,0.0,1.0,cpu
1676288871349,sensor,rapl,18.7017822265625,0,RAPL_ENERGY_PKG,0.0,1.0,cpu
1676288871349,sensor,rapl,20.36175537109375,1,RAPL_ENERGY_PKG,0.0,1.0,cpu
1676288871855,sensor,rapl,20.2003173828125,0,RAPL_ENERGY_PKG,0.0,1.0,cpu
1676288871855,sensor,rapl,18.58392333984375,1,RAPL_ENERGY_PKG,0.0,1.0,cpu
1676288872358,sensor,rapl,19.8782958984375,0,RAPL_ENERGY_PKG,0.0,1.0,cpu
1676288872358,sensor,rapl,17.26995849609375,1,RAPL_ENERGY_PKG,0.0,1.0,cpu
1676288872862,sensor,rapl,19.94482421875,0,RAPL_ENERGY_PKG,0.0,1.0,cpu
1676288872862,sensor,rapl,17.5635986328125,1,RAPL_ENERGY_PKG,0.0,1.0,cpu
1676288873365,sensor,rapl,19.26324462890625,0,RAPL_ENERGY_PKG,0.0,1.0,cpu
1676288873365,sensor,rapl,17.3834228515625,1,RAPL_ENERGY_PKG,0.0,1.0,cpu
1676288873868,sensor,rapl,19.0020751953125,0,RAPL_ENERGY_PKG,0.0,1.0,cpu
1676288873868,sensor,rapl,17.28326416015625,1,RAPL_ENERGY_PKG,0.0,1.0,cpu
1676288874372,sensor,rapl,18.13275146484375,0,RAPL_ENERGY_PKG,0.0,1.0,cpu
1676288874372,sensor,rapl,16.71600341796875,1,RAPL_ENERGY_PKG,0.0,1.0,cpu
1676288874876,sensor,rapl,17.51202392578125,0,RAPL_ENERGY_PKG,0.0,1.0,cpu
1676288874876,sensor,rapl,18.79205322265625,1,RAPL_ENERGY_PKG,0.0,1.0,cpu
1676288875380,sensor,rapl,18.19793701171875,0,RAPL_ENERGY_PKG,0.0,1.0,cpu
1676288875380,sensor,rapl,18.1051025390625,1,RAPL_ENERGY_PKG,0.0,1.0,cpu
1676288875883,sensor,rapl,19.66644287109375,0,RAPL_ENERGY_PKG,0.0,1.0,cpu
1676288875883,sensor,rapl,17.9813232421875,1,RAPL_ENERGY_PKG,0.0,1.0,cpu
1676288876387,sensor,rapl,19.400146484375,0,RAPL_ENERGY_PKG,0.0,1.0,cpu
1676288876387,sensor,rapl,18.9547119140625,1,RAPL_ENERGY_PKG,0.0,1.0,cpu
1676288876902,sensor,rapl,20.2457275390625,0,RAPL_ENERGY_PKG,0.0,1.0,cpu
1676288876902,sensor,rapl,17.7872314453125,1,RAPL_ENERGY_PKG,0.0,1.0,cpu
1676288877406,sensor,rapl,20.34503173828125,0,RAPL_ENERGY_PKG,0.0,1.0,cpu
1676288877406,sensor,rapl,17.6036376953125,1,RAPL_ENERGY_PKG,0.0,1.0,cpu
1676288877909,sensor,rapl,19.8209228515625,0,RAPL_ENERGY_PKG,0.0,1.0,cpu
1676288877909,sensor,rapl,17.48162841796875,1,RAPL_ENERGY_PKG,0.0,1.0,cpu
1676288878411,sensor,rapl,19.6488037109375,0,RAPL_ENERGY_PKG,0.0,1.0,cpu
1676288878411,sensor,rapl,17.73907470703125,1,RAPL_ENERGY_PKG,0.0,1.0,cpu
1676288878915,sensor,rapl,19.9180908203125,0,RAPL_ENERGY_PKG,0.0,1.0,cpu
1676288878915,sensor,rapl,17.30059814453125,1,RAPL_ENERGY_PKG,0.0,1.0,cpu
1676288879418,sensor,rapl,19.9832763671875,0,RAPL_ENERGY_PKG,0.0,1.0,cpu
1676288879418,sensor,rapl,17.60247802734375,1,RAPL_ENERGY_PKG,0.0,1.0,cpu
1676288879923,sensor,rapl,19.94244384765625,0,RAPL_ENERGY_PKG,0.0,1.0,cpu
1676288879923,sensor,rapl,17.20635986328125,1,RAPL_ENERGY_PKG,0.0,1.0,cpu
1676288880426,sensor,rapl,20.04345703125,0,RAPL_ENERGY_PKG,0.0,1.0,cpu
1676288880426,sensor,rapl,17.4384765625,1,RAPL_ENERGY_PKG,0.0,1.0,cpu
1676288880929,sensor,rapl,19.7843017578125,0,RAPL_ENERGY_PKG,0.0,1.0,cpu
1676288880929,sensor,rapl,17.7109375,1,RAPL_ENERGY_PKG,0.0,1.0,cpu
1676288881432,sensor,rapl,20.26397705078125,0,RAPL_ENERGY_PKG,0.0,1.0,cpu
1676288881432,sensor,rapl,17.4091796875,1,RAPL_ENERGY_PKG,0.0,1.0,cpu
1676288881936,sensor,rapl,19.54547119140625,0,RAPL_ENERGY_PKG,0.0,1.0,cpu
1676288881936,sensor,rapl,17.3917236328125,1,RAPL_ENERGY_PKG,0.0,1.0,cpu
1676288882440,sensor,rapl,19.62188720703125,0,RAPL_ENERGY_PKG,0.0,1.0,cpu
1676288882440,sensor,rapl,17.1824951171875,1,RAPL_ENERGY_PKG,0.0,1.0,cpu
1676288882955,sensor,rapl,19.9520263671875,0,RAPL_ENERGY_PKG,0.0,1.0,cpu
1676288882955,sensor,rapl,19.48065185546875,1,RAPL_ENERGY_PKG,0.0,1.0,cpu
1676288883459,sensor,rapl,18.40673828125,0,RAPL_ENERGY_PKG,0.0,1.0,cpu
1676288883459,sensor,rapl,20.3055419921875,1,RAPL_ENERGY_PKG,0.0,1.0,cpu
1676288883963,sensor,rapl,18.97637939453125,0,RAPL_ENERGY_PKG,0.0,1.0,cpu
1676288883963,sensor,rapl,19.42626953125,1,RAPL_ENERGY_PKG,0.0,1.0,cpu
1676288884466,sensor,rapl,19.58441162109375,0,RAPL_ENERGY_PKG,0.0,1.0,cpu
1676288884466,sensor,rapl,17.46044921875,1,RAPL_ENERGY_PKG,0.0,1.0,cpu
1676288884968,sensor,rapl,19.46905517578125,0,RAPL_ENERGY_PKG,0.0,1.0,cpu
1676288884968,sensor,rapl,17.266845703125,1,RAPL_ENERGY_PKG,0.0,1.0,cpu
1676288885473,sensor,rapl,18.52386474609375,0,RAPL_ENERGY_PKG,0.0,1.0,cpu
1676288885473,sensor,rapl,16.97894287109375,1,RAPL_ENERGY_PKG,0.0,1.0,cpu
1676288885976,sensor,rapl,19.4246826171875,0,RAPL_ENERGY_PKG,0.0,1.0,cpu
1676288885976,sensor,rapl,17.69464111328125,1,RAPL_ENERGY_PKG,0.0,1.0,cpu
1676288886480,sensor,rapl,18.6092529296875,0,RAPL_ENERGY_PKG,0.0,1.0,cpu
1676288886480,sensor,rapl,17.9422607421875,1,RAPL_ENERGY_PKG,0.0,1.0,cpu
1676288886984,sensor,rapl,18.99407958984375,0,RAPL_ENERGY_PKG,0.0,1.0,cpu
1676288886984,sensor,rapl,19.01007080078125,1,RAPL_ENERGY_PKG,0.0,1.0,cpu
1676288887488,sensor,rapl,19.3804931640625,0,RAPL_ENERGY_PKG,0.0,1.0,cpu
1676288887488,sensor,rapl,18.357421875,1,RAPL_ENERGY_PKG,0.0,1.0,cpu
1676288887992,sensor,rapl,18.1915283203125,0,RAPL_ENERGY_PKG,0.0,1.0,cpu
1676288887992,sensor,rapl,17.329345703125,1,RAPL_ENERGY_PKG,0.0,1.0,cpu
1676288888510,sensor,rapl,18.8902587890625,0,RAPL_ENERGY_PKG,0.0,1.0,cpu
1676288888510,sensor,rapl,17.35540771484375,1,RAPL_ENERGY_PKG,0.0,1.0,cpu
1676288889014,sensor,rapl,19.17083740234375,0,RAPL_ENERGY_PKG,0.0,1.0,cpu
1676288889014,sensor,rapl,17.23370361328125,1,RAPL_ENERGY_PKG,0.0,1.0,cpu
1676288889518,sensor,rapl,19.49658203125,0,RAPL_ENERGY_PKG,0.0,1.0,cpu
1676288889518,sensor,rapl,17.81585693359375,1,RAPL_ENERGY_PKG,0.0,1.0,cpu
1676288890022,sensor,rapl,19.5985107421875,0,RAPL_ENERGY_PKG,0.0,1.0,cpu
1676288890022,sensor,rapl,17.40478515625,1,RAPL_ENERGY_PKG,0.0,1.0,cpu
1676288890525,sensor,rapl,18.62347412109375,0,RAPL_ENERGY_PKG,0.0,1.0,cpu
1676288890525,sensor,rapl,16.960693359375,1,RAPL_ENERGY_PKG,0.0,1.0,cpu
1676288891027,sensor,rapl,19.70751953125,0,RAPL_ENERGY_PKG,0.0,1.0,cpu
1676288891027,sensor,rapl,17.38226318359375,1,RAPL_ENERGY_PKG,0.0,1.0,cpu
1676288891530,sensor,rapl,20.13775634765625,0,RAPL_ENERGY_PKG,0.0,1.0,cpu
1676288891530,sensor,rapl,16.61968994140625,1,RAPL_ENERGY_PKG,0.0,1.0,cpu
1676288892033,sensor,rapl,20.47894287109375,0,RAPL_ENERGY_PKG,0.0,1.0,cpu
1676288892033,sensor,rapl,16.66583251953125,1,RAPL_ENERGY_PKG,0.0,1.0,cpu
1676288892538,sensor,rapl,20.8013916015625,0,RAPL_ENERGY_PKG,0.0,1.0,cpu
1676288892538,sensor,rapl,16.80029296875,1,RAPL_ENERGY_PKG,0.0,1.0,cpu
1676288893041,sensor,rapl,20.32525634765625,0,RAPL_ENERGY_PKG,0.0,1.0,cpu
1676288893041,sensor,rapl,17.368896484375,1,RAPL_ENERGY_PKG,0.0,1.0,cpu
1676288893543,sensor,rapl,20.3663330078125,0,RAPL_ENERGY_PKG,0.0,1.0,cpu
1676288893543,sensor,rapl,17.2818603515625,1,RAPL_ENERGY_PKG,0.0,1.0,cpu
1676288894047,sensor,rapl,20.785888671875,0,RAPL_ENERGY_PKG,0.0,1.0,cpu
1676288894047,sensor,rapl,15.8953857421875,1,RAPL_ENERGY_PKG,0.0,1.0,cpu
1676288894564,sensor,rapl,21.8251953125,0,RAPL_ENERGY_PKG,0.0,1.0,cpu
1676288894564,sensor,rapl,15.30694580078125,1,RAPL_ENERGY_PKG,0.0,1.0,cpu
1676288895067,sensor,rapl,20.9910888671875,0,RAPL_ENERGY_PKG,0.0,1.0,cpu
1676288895067,sensor,rapl,15.6666259765625,1,RAPL_ENERGY_PKG,0.0,1.0,cpu
1676288895571,sensor,rapl,20.88726806640625,0,RAPL_ENERGY_PKG,0.0,1.0,cpu
1676288895571,sensor,rapl,17.79351806640625,1,RAPL_ENERGY_PKG,0.0,1.0,cpu
1676288896074,sensor,rapl,20.6453857421875,0,RAPL_ENERGY_PKG,0.0,1.0,cpu
1676288896074,sensor,rapl,18.6051025390625,1,RAPL_ENERGY_PKG,0.0,1.0,cpu
1676288896578,sensor,rapl,20.26739501953125,0,RAPL_ENERGY_PKG,0.0,1.0,cpu
1676288896578,sensor,rapl,17.0010986328125,1,RAPL_ENERGY_PKG,0.0,1.0,cpu
1676288897081,sensor,rapl,19.91510009765625,0,RAPL_ENERGY_PKG,0.0,1.0,cpu
1676288897081,sensor,rapl,17.2806396484375,1,RAPL_ENERGY_PKG,0.0,1.0,cpu
1676288897585,sensor,rapl,19.85906982421875,0,RAPL_ENERGY_PKG,0.0,1.0,cpu
1676288897585,sensor,rapl,16.567138671875,1,RAPL_ENERGY_PKG,0.0,1.0,cpu
1676288898088,sensor,rapl,19.82257080078125,0,RAPL_ENERGY_PKG,0.0,1.0,cpu
1676288898088,sensor,rapl,16.46337890625,1,RAPL_ENERGY_PKG,0.0,1.0,cpu
1676288898592,sensor,rapl,19.7200927734375,0,RAPL_ENERGY_PKG,0.0,1.0,cpu
1676288898592,sensor,rapl,16.91571044921875,1,RAPL_ENERGY_PKG,0.0,1.0,cpu
1676288899095,sensor,rapl,19.4393310546875,0,RAPL_ENERGY_PKG,0.0,1.0,cpu
1676288899095,sensor,rapl,17.93865966796875,1,RAPL_ENERGY_PKG,0.0,1.0,cpu
1676288899602,sensor,rapl,18.75885009765625,0,RAPL_ENERGY_PKG,0.0,1.0,cpu
1676288899602,sensor,rapl,19.3367919921875,1,RAPL_ENERGY_PKG,0.0,1.0,cpu
1676288900106,sensor,rapl,19.3739013671875,0,RAPL_ENERGY_PKG,0.0,1.0,cpu
1676288900106,sensor,rapl,17.956787109375,1,RAPL_ENERGY_PKG,0.0,1.0,cpu
1676288900620,sensor,rapl,20.22296142578125,0,RAPL_ENERGY_PKG,0.0,1.0,cpu
1676288900620,sensor,rapl,17.77447509765625,1,RAPL_ENERGY_PKG,0.0,1.0,cpu
1676288901126,sensor,rapl,19.33258056640625,0,RAPL_ENERGY_PKG,0.0,1.0,cpu
1676288901126,sensor,rapl,17.33465576171875,1,RAPL_ENERGY_PKG,0.0,1.0,cpu
1676288901629,sensor,rapl,19.5548095703125,0,RAPL_ENERGY_PKG,0.0,1.0,cpu
1676288901629,sensor,rapl,16.4066162109375,1,RAPL_ENERGY_PKG,0.0,1.0,cpu
1676288902133,sensor,rapl,20.40301513671875,0,RAPL_ENERGY_PKG,0.0,1.0,cpu
1676288902133,sensor,rapl,16.95562744140625,1,RAPL_ENERGY_PKG,0.0,1.0,cpu
1676288902638,sensor,rapl,19.2974853515625,0,RAPL_ENERGY_PKG,0.0,1.0,cpu
1676288902638,sensor,rapl,16.9815673828125,1,RAPL_ENERGY_PKG,0.0,1.0,cpu
1676288903143,sensor,rapl,18.98297119140625,0,RAPL_ENERGY_PKG,0.0,1.0,cpu
1676288903143,sensor,rapl,17.01519775390625,1,RAPL_ENERGY_PKG,0.0,1.0,cpu
1676288903646,sensor,rapl,20.20672607421875,0,RAPL_ENERGY_PKG,0.0,1.0,cpu
1676288903646,sensor,rapl,17.50286865234375,1,RAPL_ENERGY_PKG,0.0,1.0,cpu
1676288904150,sensor,rapl,20.65557861328125,0,RAPL_ENERGY_PKG,0.0,1.0,cpu
1676288904150,sensor,rapl,16.70965576171875,1,RAPL_ENERGY_PKG,0.0,1.0,cpu
1676288904654,sensor,rapl,19.53875732421875,0,RAPL_ENERGY_PKG,0.0,1.0,cpu
1676288904654,sensor,rapl,17.4356689453125,1,RAPL_ENERGY_PKG,0.0,1.0,cpu
1676288905159,sensor,rapl,19.0513916015625,0,RAPL_ENERGY_PKG,0.0,1.0,cpu
1676288905159,sensor,rapl,18.038818359375,1,RAPL_ENERGY_PKG,0.0,1.0,cpu
1676288905663,sensor,rapl,19.12701416015625,0,RAPL_ENERGY_PKG,0.0,1.0,cpu
1676288905663,sensor,rapl,18.03997802734375,1,RAPL_ENERGY_PKG,0.0,1.0,cpu
1676288906179,sensor,rapl,19.89202880859375,0,RAPL_ENERGY_PKG,0.0,1.0,cpu
1676288906179,sensor,rapl,18.3426513671875,1,RAPL_ENERGY_PKG,0.0,1.0,cpu
1676288906682,sensor,rapl,19.1695556640625,0,RAPL_ENERGY_PKG,0.0,1.0,cpu
1676288906682,sensor,rapl,15.9053955078125,1,RAPL_ENERGY_PKG,0.0,1.0,cpu
1676288907187,sensor,rapl,19.13983154296875,0,RAPL_ENERGY_PKG,0.0,1.0,cpu
1676288907187,sensor,rapl,18.23809814453125,1,RAPL_ENERGY_PKG,0.0,1.0,cpu
1676288907692,sensor,rapl,18.899658203125,0,RAPL_ENERGY_PKG,0.0,1.0,cpu
1676288907692,sensor,rapl,19.6588134765625,1,RAPL_ENERGY_PKG,0.0,1.0,cpu
1676288908195,sensor,rapl,19.5440673828125,0,RAPL_ENERGY_PKG,0.0,1.0,cpu
1676288908195,sensor,rapl,19.64056396484375,1,RAPL_ENERGY_PKG,0.0,1.0,cpu
1676288908697,sensor,rapl,19.51275634765625,0,RAPL_ENERGY_PKG,0.0,1.0,cpu
1676288908697,sensor,rapl,17.847412109375,1,RAPL_ENERGY_PKG,0.0,1.0,cpu
1676288909201,sensor,rapl,19.221435546875,0,RAPL_ENERGY_PKG,0.0,1.0,cpu
1676288909201,sensor,rapl,18.35089111328125,1,RAPL_ENERGY_PKG,0.0,1.0,cpu
1676288909706,sensor,rapl,18.49609375,0,RAPL_ENERGY_PKG,0.0,1.0,cpu
1676288909706,sensor,rapl,18.97613525390625,1,RAPL_ENERGY_PKG,0.0,1.0,cpu
1676288910210,sensor,rapl,17.90087890625,0,RAPL_ENERGY_PKG,0.0,1.0,cpu
1676288910210,sensor,rapl,19.4951171875,1,RAPL_ENERGY_PKG,0.0,1.0,cpu
1676288910715,sensor,rapl,19.3994140625,0,RAPL_ENERGY_PKG,0.0,1.0,cpu
1676288910715,sensor,rapl,18.33538818359375,1,RAPL_ENERGY_PKG,0.0,1.0,cpu
1676288911220,sensor,rapl,19.32073974609375,0,RAPL_ENERGY_PKG,0.0,1.0,cpu
1676288911220,sensor,rapl,18.06201171875,1,RAPL_ENERGY_PKG,0.0,1.0,cpu
1676288911724,sensor,rapl,18.83807373046875,0,RAPL_ENERGY_PKG,0.0,1.0,cpu
1676288911724,sensor,rapl,18.1851806640625,1,RAPL_ENERGY_PKG,0.0,1.0,cpu
1676288912239,sensor,rapl,18.28179931640625,0,RAPL_ENERGY_PKG,0.0,1.0,cpu
1676288912239,sensor,rapl,17.70440673828125,1,RAPL_ENERGY_PKG,0.0,1.0,cpu
1676288912744,sensor,rapl,17.7354736328125,0,RAPL_ENERGY_PKG,0.0,1.0,cpu
1676288912744,sensor,rapl,18.501953125,1,RAPL_ENERGY_PKG,0.0,1.0,cpu
1676288913247,sensor,rapl,17.97723388671875,0,RAPL_ENERGY_PKG,0.0,1.0,cpu
1676288913247,sensor,rapl,19.170166015625,1,RAPL_ENERGY_PKG,0.0,1.0,cpu
1676288913753,sensor,rapl,19.46759033203125,0,RAPL_ENERGY_PKG,0.0,1.0,cpu
1676288913753,sensor,rapl,18.29638671875,1,RAPL_ENERGY_PKG,0.0,1.0,cpu
1676288914261,sensor,rapl,18.70989990234375,0,RAPL_ENERGY_PKG,0.0,1.0,cpu
1676288914261,sensor,rapl,18.3204345703125,1,RAPL_ENERGY_PKG,0.0,1.0,cpu
1676288914767,sensor,rapl,17.7791748046875,0,RAPL_ENERGY_PKG,0.0,1.0,cpu
1676288914767,sensor,rapl,19.039794921875,1,RAPL_ENERGY_PKG,0.0,1.0,cpu
1676288915269,sensor,rapl,18.80401611328125,0,RAPL_ENERGY_PKG,0.0,1.0,cpu
1676288915269,sensor,rapl,17.20721435546875,1,RAPL_ENERGY_PKG,0.0,1.0,cpu
1676288915774,sensor,rapl,17.97869873046875,0,RAPL_ENERGY_PKG,0.0,1.0,cpu
1676288915774,sensor,rapl,19.3946533203125,1,RAPL_ENERGY_PKG,0.0,1.0,cpu
1676288916277,sensor,rapl,18.09979248046875,0,RAPL_ENERGY_PKG,0.0,1.0,cpu
1676288916277,sensor,rapl,18.11376953125,1,RAPL_ENERGY_PKG,0.0,1.0,cpu
1676288916781,sensor,rapl,19.81634521484375,0,RAPL_ENERGY_PKG,0.0,1.0,cpu
1676288916781,sensor,rapl,17.08648681640625,1,RAPL_ENERGY_PKG,0.0,1.0,cpu
1676288917285,sensor,rapl,19.473876953125,0,RAPL_ENERGY_PKG,0.0,1.0,cpu
1676288917285,sensor,rapl,17.512451171875,1,RAPL_ENERGY_PKG,0.0,1.0,cpu
1676288917788,sensor,rapl,18.52227783203125,0,RAPL_ENERGY_PKG,0.0,1.0,cpu
1676288917788,sensor,rapl,18.24627685546875,1,RAPL_ENERGY_PKG,0.0,1.0,cpu
1676288918292,sensor,rapl,19.03924560546875,0,RAPL_ENERGY_PKG,0.0,1.0,cpu
1676288918292,sensor,rapl,17.8411865234375,1,RAPL_ENERGY_PKG,0.0,1.0,cpu
1676288918797,sensor,rapl,17.867431640625,0,RAPL_ENERGY_PKG,0.0,1.0,cpu
1676288918797,sensor,rapl,17.693115234375,1,RAPL_ENERGY_PKG,0.0,1.0,cpu
1676288919300,sensor,rapl,19.10400390625,0,RAPL_ENERGY_PKG,0.0,1.0,cpu
1676288919300,sensor,rapl,18.2930908203125,1,RAPL_ENERGY_PKG,0.0,1.0,cpu
1676288919807,sensor,rapl,19.70068359375,0,RAPL_ENERGY_PKG,0.0,1.0,cpu
1676288919807,sensor,rapl,19.12353515625,1,RAPL_ENERGY_PKG,0.0,1.0,cpu
1676288920311,sensor,rapl,19.73468017578125,0,RAPL_ENERGY_PKG,0.0,1.0,cpu
1676288920311,sensor,rapl,19.4334716796875,1,RAPL_ENERGY_PKG,0.0,1.0,cpu
1676288920816,sensor,rapl,18.96551513671875,0,RAPL_ENERGY_PKG,0.0,1.0,cpu
1676288920816,sensor,rapl,19.12652587890625,1,RAPL_ENERGY_PKG,0.0,1.0,cpu
1676288921320,sensor,rapl,18.6800537109375,0,RAPL_ENERGY_PKG,0.0,1.0,cpu
1676288921320,sensor,rapl,18.18817138671875,1,RAPL_ENERGY_PKG,0.0,1.0,cpu
1676288921825,sensor,rapl,18.71759033203125,0,RAPL_ENERGY_PKG,0.0,1.0,cpu
1676288921825,sensor,rapl,18.33807373046875,1,RAPL_ENERGY_PKG,0.0,1.0,cpu
1676288922329,sensor,rapl,18.280029296875,0,RAPL_ENERGY_PKG,0.0,1.0,cpu
1676288922329,sensor,rapl,17.73291015625,1,RAPL_ENERGY_PKG,0.0,1.0,cpu
1676288922835,sensor,rapl,19.4102783203125,0,RAPL_ENERGY_PKG,0.0,1.0,cpu
1676288922835,sensor,rapl,17.94610595703125,1,RAPL_ENERGY_PKG,0.0,1.0,cpu
1676288923340,sensor,rapl,17.219970703125,0,RAPL_ENERGY_PKG,0.0,1.0,cpu
1676288923340,sensor,rapl,18.6746826171875,1,RAPL_ENERGY_PKG,0.0,1.0,cpu
1676288923844,sensor,rapl,18.28277587890625,0,RAPL_ENERGY_PKG,0.0,1.0,cpu
1676288923844,sensor,rapl,18.973388671875,1,RAPL_ENERGY_PKG,0.0,1.0,cpu
1676288924348,sensor,rapl,19.03057861328125,0,RAPL_ENERGY_PKG,0.0,1.0,cpu
1676288924348,sensor,rapl,17.97991943359375,1,RAPL_ENERGY_PKG,0.0,1.0,cpu
1676288924852,sensor,rapl,19.16180419921875,0,RAPL_ENERGY_PKG,0.0,1.0,cpu
1676288924852,sensor,rapl,18.1510009765625,1,RAPL_ENERGY_PKG,0.0,1.0,cpu
1676288925354,sensor,rapl,19.27880859375,0,RAPL_ENERGY_PKG,0.0,1.0,cpu
1676288925354,sensor,rapl,17.84124755859375,1,RAPL_ENERGY_PKG,0.0,1.0,cpu
1676288925860,sensor,rapl,19.26763916015625,0,RAPL_ENERGY_PKG,0.0,1.0,cpu
1676288925860,sensor,rapl,18.4232177734375,1,RAPL_ENERGY_PKG,0.0,1.0,cpu
1676288926366,sensor,rapl,19.057373046875,0,RAPL_ENERGY_PKG,0.0,1.0,cpu
1676288926366,sensor,rapl,19.00244140625,1,RAPL_ENERGY_PKG,0.0,1.0,cpu
1676288926872,sensor,rapl,18.95806884765625,0,RAPL_ENERGY_PKG,0.0,1.0,cpu
1676288926872,sensor,rapl,18.18890380859375,1,RAPL_ENERGY_PKG,0.0,1.0,cpu
1676288927375,sensor,rapl,18.96978759765625,0,RAPL_ENERGY_PKG,0.0,1.0,cpu
1676288927375,sensor,rapl,18.01861572265625,1,RAPL_ENERGY_PKG,0.0,1.0,cpu
1676288927881,sensor,rapl,19.10662841796875,0,RAPL_ENERGY_PKG,0.0,1.0,cpu
1676288927881,sensor,rapl,18.49566650390625,1,RAPL_ENERGY_PKG,0.0,1.0,cpu
1676288928386,sensor,rapl,18.42401123046875,0,RAPL_ENERGY_PKG,0.0,1.0,cpu
1676288928386,sensor,rapl,18.529052734375,1,RAPL_ENERGY_PKG,0.0,1.0,cpu
1676288928890,sensor,rapl,18.72552490234375,0,RAPL_ENERGY_PKG,0.0,1.0,cpu
1676288928890,sensor,rapl,19.06005859375,1,RAPL_ENERGY_PKG,0.0,1.0,cpu
1676288929395,sensor,rapl,17.7763671875,0,RAPL_ENERGY_PKG,0.0,1.0,cpu
1676288929395,sensor,rapl,19.47314453125,1,RAPL_ENERGY_PKG,0.0,1.0,cpu
1676288929909,sensor,rapl,18.50347900390625,0,RAPL_ENERGY_PKG,0.0,1.0,cpu
1676288929909,sensor,rapl,19.996826171875,1,RAPL_ENERGY_PKG,0.0,1.0,cpu
1676288930413,sensor,rapl,18.8642578125,0,RAPL_ENERGY_PKG,0.0,1.0,cpu
1676288930413,sensor,rapl,19.1129150390625,1,RAPL_ENERGY_PKG,0.0,1.0,cpu
1676288930916,sensor,rapl,19.49786376953125,0,RAPL_ENERGY_PKG,0.0,1.0,cpu
1676288930916,sensor,rapl,19.0977783203125,1,RAPL_ENERGY_PKG,0.0,1.0,cpu
1676288931420,sensor,rapl,20.07623291015625,0,RAPL_ENERGY_PKG,0.0,1.0,cpu
1676288931420,sensor,rapl,17.89349365234375,1,RAPL_ENERGY_PKG,0.0,1.0,cpu
1676288931925,sensor,rapl,19.49462890625,0,RAPL_ENERGY_PKG,0.0,1.0,cpu
1676288931925,sensor,rapl,19.50775146484375,1,RAPL_ENERGY_PKG,0.0,1.0,cpu
1676288932429,sensor,rapl,20.12408447265625,0,RAPL_ENERGY_PKG,0.0,1.0,cpu
1676288932429,sensor,rapl,18.5517578125,1,RAPL_ENERGY_PKG,0.0,1.0,cpu
